title,link,posted_at,source
"बाँकेका १२ सामुदायिक वनमा डढेलो, ४ हजार हेक्टर क्षेत्रफल प्रभावित",https://ekantipur.com/lumbini-pradesh/2026/04/26/fire-breaks-out-in-12-community-forests-in-banke-affecting-4000-hectares-of-land-48-31.html,2026-04-26T16:48:29+05:45,ekantipur
जापान वाता ओपनमा गणेशलाई स्वर्ण पदक,https://ekantipur.com/sports/2026/04/26/ganesh-wins-gold-medal-at-japan-open-48-01.html,2026-04-26T16:47:58+05:45,ekantipur
९ महिनामा काँकडभिट्टाबाट भित्रिए ७ हजार ६४२ पर्यटक,https://ekantipur.com/koshi-pradesh/2026/04/26/7642-tourists-entered-kakadbhitta-in-9-months-44-38.html,2026-04-26T16:44:36+05:45,ekantipur
कांग्रेस दलको नेतामा बासना थापालाई अघि सार्न केसीको प्रस्ताव,https://ekantipur.com/politics/2026/04/26/kc-proposes-to-nominate-basana-thapa-as-leader-of-the-nepali-congress-party-22-00.html,2026-04-26T16:37:41+05:45,ekantipur
काठमाडौंका कुन निजी स्कुलले कति शुल्क लिन पाउँछन् ?,https://ekantipur.com/Education/2026/04/26/how-much-fees-can-private-schools-in-kathmandu-charge-30-45.html,2026-04-26T16:30:43+05:45,ekantipur
"एन्फाका पदाधिकारी, कार्यसमिति सदस्य र कर्मचारीलाई विदेश जान रोक",https://ekantipur.com/sports/2026/04/26/anfa-officials-executive-committee-members-and-employees-banned-from-traveling-abroad-14-40.html,2026-04-26T16:14:37+05:45,ekantipur
लुम्बिनीमा एकीकृत सेवासहितको ‘चुजी क्याम्पस’ सञ्चालनको तयारी,https://ekantipur.com/lumbini-pradesh/2026/04/26/preparations-to-operate-chuji-campus-with-integrated-services-in-lumbini-42-20.html,2026-04-26T16:01:42+05:45,ekantipur
युवालाई गाउँमै रोक्न छत्रदेवले थाल्यो आलु र धान खेती,https://ekantipur.com/lumbini-pradesh/2026/04/26/chhatradev-started-cultivating-potatoes-and-rice-to-keep-the-youth-in-the-village-59-35.html,2026-04-26T16:00:02+05:45,ekantipur
कांग्रेस केन्द्रीय कार्यसम्पादन समिति बैठक भोलि बस्दै,https://ekantipur.com/news/2026/04/26/congress-central-working-committee-meeting-to-be-held-tomorrow-23-19.html,2026-04-26T15:28:18+05:45,ekantipur
रामेछाप चिनाउन फोटो प्रदर्शनी,https://ekantipur.com/bagmati-pradesh/2026/04/26/photo-exhibition-to-introduce-ramechhap-04-33.html,2026-04-26T15:08:18+05:45,ekantipur
८४ वर्षीयाको ४ वर्षपछि दृष्टि फर्कियो,https://ekantipur.com/bagmati-pradesh/2026/04/26/84-year-old-man-regains-sight-after-4-years-30-18.html,2026-04-26T14:56:23+05:45,ekantipur
ठेक्का प्रणालीको विवरण हेरफेरको आरोपमा थप २ जना पक्राउ,https://ekantipur.com/news/2026/04/26/2-more-people-arrested-on-charges-of-manipulating-contract-system-details-45-57.html,2026-04-26T14:45:54+05:45,ekantipur
वीरगञ्ज नाकाबाट विद्युतीय सवारी आयात दोब्बरले बढ्यो,https://ekantipur.com/business/2026/04/26/import-of-electric-vehicles-through-birgunj-border-doubles-42-50.html,2026-04-26T14:43:44+05:45,ekantipur
ठाडो भाकामा लमजुङका मानसिंह दुराको समूह पहिलो,https://ekantipur.com/gandaki-pradesh/2026/04/26/mansingh-duras-group-from-lamjung-wins-first-place-in-the-vertical-bhaka-35-51.html,2026-04-26T14:35:48+05:45,ekantipur
धौवादी फलामखानीको थप अनुसन्धान हुँदै,https://ekantipur.com/news/2026/04/26/further-investigation-into-dhaubadi-iron-ore-mine-underway-27-23.html,2026-04-26T14:27:21+05:45,ekantipur
विकास निर्माणमा दररेट संशोधन गर्न पालिका प्रमुखहरूको माग,https://ekantipur.com/lumbini-pradesh/2026/04/26/municipal-heads-demand-revision-of-rates-for-development-projects-24-47.html,2026-04-26T14:24:45+05:45,ekantipur
गल्छी-रसुवागढी सडकका अतिक्रमित संरचना हटाउन सुरू,https://ekantipur.com/bagmati-pradesh/2026/04/26/removal-of-encroached-structures-on-galchhi-rasuwagadhi-road-begins-20-55.html,2026-04-26T14:20:52+05:45,ekantipur
"कोलम्बियामा बम आक्रमण : ७ जनाको मृत्यु, २० भन्दा बढी घाइते",https://ekantipur.com/world/2026/04/26/bomb-attack-in-colombia-7-dead-more-than-20-injured-44-18.html,2026-04-26T13:44:15+05:45,ekantipur
अत्यधिक गर्मीले जनजीवन प्रभावित,https://ekantipur.com/lumbini-pradesh/2026/04/26/extreme-heat-affects-public-life-19-32.html,2026-04-26T13:19:30+05:45,ekantipur
"गण्डक नहर क्षेत्रको अतिक्रमण हटाइयो, ३२५ संरचना भत्काइए",https://ekantipur.com/madhesh-pradesh/2026/04/26/encroachments-in-gandak-canal-area-removed-325-structures-demolished-04-57.html,2026-04-26T13:04:55+05:45,ekantipur
विश्वकै प्रदूषित सहर काठमाडौं [तस्बिरहरू],https://ekantipur.com/news/2026/04/26/kathmandu-the-most-polluted-city-in-the-world-photos-53-02.html,2026-04-26T12:54:40+05:45,ekantipur
सुन प्रतितोला २ हजार ७ सयले बढ्यो,https://ekantipur.com/business/2026/04/26/gold-increases-by-2700-rupees-per-tola-53-28.html,2026-04-26T12:53:26+05:45,ekantipur
बीपी राजमार्ग अवरुद्ध भएपछि वैकल्पिक रूपमा पुष्पलाल मार्ग प्रयोग गर्दै सवारीसाधन,https://ekantipur.com/bagmati-pradesh/2026/04/26/vehicles-using-pushpalal-road-as-an-alternative-after-bp-highway-was-blocked-48-58.html,2026-04-26T12:48:56+05:45,ekantipur
आहालको दलदलमा फसेको गैँडाको उद्धार,https://ekantipur.com/gandaki-pradesh/2026/04/26/rhino-trapped-in-ahal-swamp-rescued-38-25.html,2026-04-26T12:38:22+05:45,ekantipur
"खराब मौसमले त्रिभुवन विमानस्थलमा तीन अन्तर्राष्ट्रिय उडान डाइभर्ट, ६ सय यात्रु प्रभावित",https://ekantipur.com/news/2026/04/26/three-international-flights-diverted-at-tribhuvan-airport-due-to-bad-weather-600-passengers-affected-15-46.html,2026-04-26T12:18:38+05:45,ekantipur
बुटवलको दरबार मार्गमा चल्यो डोजर,https://ekantipur.com/lumbini-pradesh/2026/04/26/dozer-runs-on-durbar-marg-in-butwal-11-28.html,2026-04-26T12:11:26+05:45,ekantipur
मन्त्रालयले सरुवा गरेको तीन महिना नाघ्दा पनि हाजिर न कारबाही,https://ekantipur.com/madhesh-pradesh/2026/04/26/ministry-takes-action-for-non-attendance-even-after-three-months-of-transfer-50-34.html,2026-04-26T11:50:32+05:45,ekantipur
हावाहुरीले थाहा नगरपालिकामा १० घरको छाना उडायो,https://ekantipur.com/bagmati-pradesh/2026/04/26/storm-blows-off-roofs-of-10-houses-in-thaha-municipality-34-17.html,2026-04-26T11:34:14+05:45,ekantipur
एसियन बिच गेम्स : कबड्डीको सेमिफाइनलमा नेपाल र श्रीलंका भिड्दै,https://ekantipur.com/sports/2026/04/26/asian-beach-games-nepal-and-sri-lanka-to-clash-in-kabaddi-semi-finals-33-47.html,2026-04-26T11:33:44+05:45,ekantipur
हटाइँदै मनोहरा किनारको सुकुमवासी बस्ती [तस्बिरहरू],https://ekantipur.com/photo_feature/2026/04/26/slum-dwellers-on-manohara-coast-being-removed-photos-20-58.html,2026-04-26T11:24:24+05:45,ekantipur
चीनमा आयोजित कार्यक्रममा नेपालको ‘एक सुइरो चिया’प्रति आकर्षण,https://ekantipur.com/news/2026/04/26/attraction-towards-nepals-one-squirrel-tea-at-event-held-in-china-08-04.html,2026-04-26T11:08:01+05:45,ekantipur
"चट्याङ लागेर रोल्पामा एक जनाको मृत्यु, सर्लाहीमा एक घाइते, १५ चौपाया मरे",https://ekantipur.com/news/2026/04/26/one-person-dies-in-rolpa-one-injured-in-sarlahi-15-livestock-killed-by-lightning-41-56.html,2026-04-26T10:41:52+05:45,ekantipur
१९ सय प्रहरीको सुरक्षामा मनोहराको सुकुमवासी बस्ती भत्काउन सुरु,https://ekantipur.com/news/2026/04/26/demolition-of-manoharas-squatter-settlement-begins-under-the-protection-of-1900-police-officers-08-41.html,2026-04-26T10:12:55+05:45,ekantipur
सुकुमवासीको व्यवस्थापन मानवताका आधारमा हुनुपर्छ : भूगोलविद् निङ्लेखु,https://ekantipur.com/Interview/2026/04/26/slum-dwellers-should-be-managed-on-the-basis-of-humanity-sabin-ninglekhu-geographer-22-15.html,2026-04-26T09:47:31+05:45,ekantipur
बुटवलको दरबार मार्गमा धमाधम आफैं खाली गर्दै अतिक्रमित जग्गामा बनेका छाप्रा,https://ekantipur.com/lumbini-pradesh/2026/04/26/huts-built-on-encroached-land-are-being-vacated-on-durbar-marg-in-butwal-40-23.html,2026-04-26T09:40:20+05:45,ekantipur
"रोकिराखेको ट्रकमा स्कार्पियो ठोक्किँदा दुई जनाको मृत्यु, तीनजना घाइते",https://ekantipur.com/lumbini-pradesh/2026/04/26/two-killed-three-injured-as-scorpio-crashes-into-parked-truck-15-48.html,2026-04-26T09:15:45+05:45,ekantipur
"पत्रकारसँगको डिनर कार्यक्रममा गोली चल्यो, ट्रम्पलाई सुरक्षित रूपमा निकालियो",https://ekantipur.com/world/2026/04/26/shots-fired-at-dinner-with-journalists-trump-safely-evacuated-35-02.html,2026-04-26T08:40:56+05:45,ekantipur
निजामती विधेयकको मस्यौदा तयार,https://ekantipur.com/news/2026/04/26/draft-of-civil-service-bill-prepared-18-24.html,2026-04-26T08:32:58+05:45,ekantipur
५० हजार घुस लिएको आरोपमा कास्की प्रहरीका वरिष्ठ हवल्दार अख्तियारको नियन्त्रणमा,https://ekantipur.com/news/2026/04/26/senior-constable-of-kaski-police-under-ciaa-custody-on-charges-of-taking-bribe-of-rs-50000-16-08.html,2026-04-26T08:16:05+05:45,ekantipur
लोकतन्त्रलाई बलियो बनाउन कर्मचारीतन्त्रमा सुधार,https://ekantipur.com/opinion/2026/04/26/reforming-bureaucracy-to-strengthen-democracy-11-10.html,2026-04-26T07:11:08+05:45,ekantipur
‘प्रशासनको दलीयकरण अन्त्य गर्न कोसेढुंगा सावित हुन सक्छ’ : मन्त्री रावल,https://ekantipur.com/Interview/2026/04/26/this-could-prove-to-be-a-milestone-in-ending-partisanship-in-the-administration-pratibha-rawal-minister-23-14.html,2026-04-26T07:09:30+05:45,ekantipur
"सुकुमवासी व्यवस्थापन : मानवोचित व्यवहार गर, प्रक्रिया छिटो टुंग्याऊ",https://ekantipur.com/opinion/2026/04/26/squatter-management-treat-people-humanely-complete-the-process-quickly-57-58.html,2026-04-26T07:01:22+05:45,ekantipur
साउथह्याम्पटनलाई हराएर सिटी फाइनलमा,https://ekantipur.com/sports/2026/04/26/city-beat-southampton-to-reach-final-51-50.html,2026-04-26T06:51:47+05:45,ekantipur
विपन्न वर्गलाई दिइने बैंक कर्जा २० अर्बले घट्यो,https://ekantipur.com/business/2026/04/26/bank-loans-to-the-underprivileged-decreased-by-20-billion-44-18.html,2026-04-26T06:48:26+05:45,ekantipur
ऊर्जा मन्त्रालयले बनायो ऊर्जा खपत वृद्धि तथा निर्यात रणनीति मस्यौदा,https://ekantipur.com/business/2026/04/26/ministry-of-energy-drafts-energy-consumption-growth-and-export-strategy-47-28.html,2026-04-26T06:47:26+05:45,ekantipur
बार्सिलोना लिग उपाधि जित्ने संघारमा,https://ekantipur.com/sports/2026/04/26/barcelona-on-the-verge-of-winning-the-league-title-46-48.html,2026-04-26T06:46:46+05:45,ekantipur
आर्सनले फेरि अगाडि,https://ekantipur.com/sports/2026/04/26/arson-again-forward-34-36.html,2026-04-26T06:34:34+05:45,ekantipur
राहदानी जारी गर्न नमिल्ने कसुर सूचीमा सहकारी पनि थपिँदै,https://ekantipur.com/news/2026/04/26/cooperatives-are-being-added-to-the-list-of-offenses-that-prevent-the-issuance-of-passports-29-33.html,2026-04-26T06:34:21+05:45,ekantipur
"बत्ती दोलखामा, स्विच भारतमा",https://ekantipur.com/news/2026/04/26/the-light-is-in-dolakha-the-switch-is-in-india-28-00.html,2026-04-26T06:27:56+05:45,ekantipur
पश्चिमी वायुको प्रभावले केही स्थानमा वर्षा र हिमपातको सम्भावना,https://ekantipur.com/news/2026/04/26/rain-and-snowfall-likely-in-some-places-due-to-the-influence-of-westerly-winds-18-42.html,2026-04-26T06:18:38+05:45,ekantipur
"अमेरिकी डलरको मूल्यमा स्थिरता, यस्तो छ अन्य मुद्राको विनिमयदर",https://ekantipur.com/business/2026/04/26/stability-in-the-value-of-the-us-dollar-this-is-the-exchange-rate-of-other-currencies-14-50.html,2026-04-26T06:14:47+05:45,ekantipur
अन्ततः खोला किनार खाली,https://ekantipur.com/news/2026/04/26/finally-the-river-bank-cleared-12-53.html,2026-04-26T06:12:50+05:45,ekantipur
साहित्यकार सिन्धुलीयलाई भैरव अर्याल स्मृति साहित्य सम्मान,https://ekantipur.com/literature/2026/04/26/writer-sindhuliya-receives-bhairav-aryal-memorial-literary-award-30-40.html,2026-04-26T00:30:38+05:45,ekantipur
हातहातमा सामाजिक सुरक्षा भत्ता पाउँदा ज्येष्ठ नागरिक र अशक्तलाई सहज,https://ekantipur.com/lumbini-pradesh/2026/04/26/senior-citizens-and-the-disabled-will-benefit-from-receiving-social-security-allowances-in-their-hands-00-59.html,2026-04-26T00:03:24+05:45,ekantipur
[अर्काइभ] मेयरका उम्मेदवारबीच ‘फेस टू फेस’ : सुरा–सुन्दरीदेखि चन्दा असुलीसम्म बनेको थियो एजेन्डा...,https://ekantipur.com/Kantipur-Archive/2026/04/25/archive-face-to-face-between-mayoral-candidates-the-agenda-ranged-from-alcohol-and-beauty-to-fundraising-43-28.html,2026-04-25T23:44:59+05:45,ekantipur
कृषि विकास बैंक डोल्पा शाखाद्वारा दुई लाख बराबरको सहयोग,https://ekantipur.com/karnali-pradesh/2026/04/25/agricultural-development-bank-dolpa-branch-provides-assistance-worth-rs-200000-21-50.html,2026-04-25T23:24:07+05:45,ekantipur
संसदीय दलको नेता छान्न नसकेपछि गगन–विश्वमाथि नै प्रश्न,https://ekantipur.com/politics/2026/04/25/questions-on-gagan-bishv-after-failure-to-elect-parliamentary-party-leader-13-24.html,2026-04-25T23:01:47+05:45,ekantipur
"काठमाडौंका थापाथली, गैरीगाउँ र शान्तिनगरका सुकुमवासी बस्ती खाली गराइयो, १४४ परिवार सरकारको सम्पर्कमा",https://ekantipur.com/national/2026/04/25/slum-dwellers-in-thapathali-gairigaun-and-shantinagar-in-kathmandu-evacuated-144-families-in-contact-with-government-58-59.html,2026-04-25T22:58:57+05:45,ekantipur
वीरगन्जमा आँखाको 'केराटोकोनस'को सफल शल्यक्रिया,https://ekantipur.com/madhesh-pradesh/2026/04/25/successful-eye-surgery-for-keratoconus-in-birgunj-52-54.html,2026-04-25T22:58:11+05:45,ekantipur
नगरपालिकाको १० लाख बजेटमा जनप्रतिनिधि र पत्रकारको टोली भ्रमणमा,https://ekantipur.com/koshi-pradesh/2026/04/25/a-team-of-public-representatives-and-journalists-are-on-a-tour-with-a-budget-of-rs-1-million-for-the-municipality-43-14.html,2026-04-25T22:53:04+05:45,ekantipur
"बालेनको समय : कति सहज, कति असहज ?",https://ekantipur.com/opinion/2026/04/25/balens-time-how-comfortable-how-uncomfortable-39-30.html,2026-04-25T22:39:29+05:45,ekantipur
जब सुकुमवासी बस्तीमा डोजर चल्यो,https://ekantipur.com/news/2026/04/25/the-dozer-has-been-running-since-morning-03-02.html,2026-04-25T22:28:50+05:45,ekantipur
अमेरिकी वार्ता टोलीको इस्लामावाद भ्रमण स्थगित,https://ekantipur.com/world/2026/04/25/us-negotiating-teams-visit-to-islamabad-postponed-26-52.html,2026-04-25T22:26:50+05:45,ekantipur
"सुकुमवासी बस्तीमा डोजर : काठमाडौंमा शान्तिपूर्ण, भक्तपुरमा झडप",https://ekantipur.com/news/2026/04/25/bulldozers-in-squatter-settlements-peaceful-in-kathmandu-clashes-in-bhaktapur-51-00.html,2026-04-25T22:09:17+05:45,ekantipur
कर्पोरेट टी–१० क्रिकेट लिगको तयारी पूरा,https://ekantipur.com/sports/2026/04/25/preparations-for-corporate-t-10-cricket-league-complete-04-00.html,2026-04-25T22:03:57+05:45,ekantipur
छात्रछात्रा हक्कीमा  कालिकालाई दोहोरो उपाधि,https://ekantipur.com/sports/2026/04/25/kalika-wins-double-title-in-womens-hockey-50-47.html,2026-04-25T21:50:44+05:45,ekantipur
उमा कुङफुले मनायो विश्व ताइची दिवस,https://ekantipur.com/sports/2026/04/25/uma-kungfu-celebrated-world-tai-chi-day-31-09.html,2026-04-25T21:31:06+05:45,ekantipur
एकै परिवारका तीन खेलाडी सम्मानित,https://ekantipur.com/sports/2026/04/25/three-players-from-the-same-family-honored-18-59.html,2026-04-25T21:18:57+05:45,ekantipur
कार्ल्सबर्ग गल्फ क्लासिकमा तेन्जिङ विजयी,https://ekantipur.com/sports/2026/04/25/tenzing-wins-carlsberg-golf-classic-14-48.html,2026-04-25T21:14:46+05:45,ekantipur
२०३० सम्ममा विश्वकै टप टेन अटोमेकर बन्ने चांगान ग्रुपको लक्ष्य,https://ekantipur.com/market/2026/04/25/changan-group-aims-to-become-a-top-ten-automaker-in-the-world-by-2030-03-12.html,2026-04-25T21:03:10+05:45,ekantipur
केन्टका एअर कुलर तथा फ्यान,https://ekantipur.com/market/2026/04/25/kentka-air-coolers-and-fans-02-01.html,2026-04-25T21:01:58+05:45,ekantipur
होन्डाका दुई प्रिमियम सर्भिस सेन्टर,https://ekantipur.com/market/2026/04/25/hondas-two-premium-service-centers-00-40.html,2026-04-25T21:00:38+05:45,ekantipur
चितवनमा कजारियाको नयाँ शोरुम,https://ekantipur.com/market/2026/04/25/kajarias-new-showroom-in-chitwan-57-45.html,2026-04-25T20:57:42+05:45,ekantipur
ओप्पो ए६एक्स अब नेपालमा,https://ekantipur.com/market/2026/04/25/oppo-a6x-now-in-nepal-56-35.html,2026-04-25T20:56:33+05:45,ekantipur
सिटिजन्स बैंकका २० लाख ग्राहक,https://ekantipur.com/market/2026/04/25/citizens-bank-has-2-million-customers-55-27.html,2026-04-25T20:55:25+05:45,ekantipur
सुदूरपश्चिम प्रदेशसभाको बजेट अधिवेशन आह्वान,https://ekantipur.com/sudurpaschim-pradesh/2026/04/25/far-western-provincial-assemblys-budget-session-called-40-06.html,2026-04-25T20:40:03+05:45,ekantipur
मनाेहराको सुकुमवासी बस्तीमा ढुंगामुढा : डीएसपीसहित १४ जना घाइते,https://ekantipur.com/national/2026/04/25/stone-pelting-in-manoharas-sukumvasi-settlement-14-people-including-dsp-injured-update-29-00.html,2026-04-25T20:28:58+05:45,ekantipur
"मनाेहराको सुकुमवासी बस्ती हटाउने क्रममा ढुंगामुढा, डीएसपीसहित ४ जना घाइते",https://ekantipur.com/national/2026/04/25/four-people-including-a-dsp-injured-in-landslide-during-eviction-of-squatter-settlements-in-manohara-03-19.html,2026-04-25T20:03:17+05:45,ekantipur
मच्छिन्द्रले चुम्यो इलाम गोल्डकपको उपाधि,https://ekantipur.com/sports/2026/04/25/machhindra-wins-ilam-gold-cup-title-00-53.html,2026-04-25T20:00:51+05:45,ekantipur
"विभिन्न जिल्लामा भारी वर्षा, अझै बदली हुने",https://ekantipur.com/news/2026/04/25/heavy-rain-in-various-districts-cloudy-conditions-remain-15-08.html,2026-04-25T19:15:05+05:45,ekantipur
थापाथलीका ६८ परिवार सरकारको सम्पर्कमा,https://ekantipur.com/news/2026/04/25/68-families-from-thapathali-in-contact-with-government-10-27.html,2026-04-25T19:10:25+05:45,ekantipur
इरानका विदेशमन्त्री र पाकिस्तानी प्रधानमन्त्रीबीच भेटवार्ता,https://ekantipur.com/world/2026/04/25/iranian-foreign-minister-meets-pakistani-prime-minister-10-06.html,2026-04-25T19:10:03+05:45,ekantipur
अनिश्चयमा फसे अमेरिकालाई सहयोग गर्ने अफगानी,https://ekantipur.com/world/2026/04/25/afghans-who-helped-america-are-caught-in-uncertainty-56-16.html,2026-04-25T18:56:14+05:45,ekantipur
वीरगन्ज नाकाबाट इन्धन आयातमै बाहिरियो १ खर्ब ४८ अर्ब,https://ekantipur.com/business/2026/04/25/148-billion-rupees-worth-of-fuel-was-exported-from-birgunj-border-29-42.html,2026-04-25T18:29:40+05:45,ekantipur
मनोहरा सुकुमवासी बस्तीमा पनि चल्यो डोजर,https://ekantipur.com/national/2026/04/25/dozers-also-used-in-manohara-sukumvasi-settlement-28-53.html,2026-04-25T18:28:47+05:45,ekantipur
"बीपी राजमार्गमा आवागमन बन्द, सवारी साधन होल्ड",https://ekantipur.com/bagmati-pradesh/2026/04/25/traffic-on-bp-highway-closed-vehicles-held-16-16.html,2026-04-25T18:16:14+05:45,ekantipur
मलेसियामा मृत्यु भएका मञ्जय सदाको शव कम्पनीकै खर्चमा नेपाल ल्याइने,https://ekantipur.com/madhesh-pradesh/2026/04/25/the-body-of-manjay-sada-who-died-in-malaysia-will-be-brought-to-nepal-at-the-companys-expense-51-02.html,2026-04-25T17:51:00+05:45,ekantipur
"थापाथली र गैरीगाउँबाट विस्थापित ५५ परिवार महानगरको सम्पर्कमा, कीर्तिपुर सारिँदै",https://ekantipur.com/news/2026/04/25/55-displaced-families-from-thapathali-and-gairigaun-in-touch-with-the-metropolis-being-moved-to-kirtipur-35-34.html,2026-04-25T17:35:32+05:45,ekantipur
"सय रुपैयाँभन्दा बढीको सामानमा भन्सार महसुल: सीमावर्ती नेपाली व्यवसायी उत्साहित, खुकुलो बनाउन स्थानीयको माग",https://ekantipur.com/business/2026/04/25/nepali-businessmen-at-border-get-excited-after-customs-clears-goods-worth-over-rs-100-27-30.html,2026-04-25T17:27:10+05:45,ekantipur
यूएईमाथि नेपालको सनसनी जित,https://ekantipur.com/sports/2026/04/25/nepals-sensational-victory-over-uae-25-43.html,2026-04-25T17:25:40+05:45,ekantipur
हिन्दुकुश क्षेत्रमा हिउँको तह २७.८ प्रतिशतले घट्यो,https://ekantipur.com/news/2026/04/25/snow-cover-in-hindu-kush-region-decreases-by-278-percent-16-44.html,2026-04-25T17:16:42+05:45,ekantipur
"बागमती सिँचाइको नहरमा ४ सय घरटहरा, अतिक्रमण हटाउने आयोजनाको तयारी",https://ekantipur.com/news/2026/04/25/preparations-for-project-to-remove-400-encroachments-on-bagmati-irrigation-canal-01-29.html,2026-04-25T17:04:59+05:45,ekantipur
जुम्लाका दुई पालिका अस्पतालको भवन निर्माणमा ढिलाई,https://ekantipur.com/karnali-pradesh/2026/04/25/delays-in-construction-of-two-municipal-hospitals-in-jumla-01-32.html,2026-04-25T16:20:47+05:45,ekantipur
डा. सतिष रूपाखेतीलाई तत्काल निलम्बन गर्न सिफारिस,https://ekantipur.com/lumbini-pradesh/2026/04/25/dr-satish-rupakheti-recommended-for-immediate-suspension-45-45.html,2026-04-25T15:47:46+05:45,ekantipur
"हुम्लाको सडकमा महँगो भाडा, जोखिमयुक्त यात्रा",https://ekantipur.com/news/2026/04/25/dangerous-roads-make-humli-a-costly-and-difficult-journey-32-04.html,2026-04-25T15:45:04+05:45,ekantipur
थापाथलीका ४ सुकुमवासी परिवारलाई कीर्तिपुरस्थित ‘होल्डिङ सेन्टर’ पठाइयो,https://ekantipur.com/news/2026/04/25/four-families-of-squatters-from-thapathali-sent-to-a-holding-center-in-kirtipur-44-46.html,2026-04-25T15:44:44+05:45,ekantipur
इतिहास र कथालाई एक्लाएक्लै छोड्दा दुवै अधुरो : केशव दाहाल,https://ekantipur.com/koseli/2026/04/25/if-history-and-story-are-left-alone-both-are-incomplete-keshav-dahal-24-01.html,2026-04-25T15:31:11+05:45,ekantipur
उद्यमबाट आत्मनिर्भर बन्दै कर्णालीका महिला,https://ekantipur.com/karnali-pradesh/2026/04/25/women-of-karnali-are-becoming-self-reliant-through-entrepreneurship-17-17.html,2026-04-25T15:25:47+05:45,ekantipur
रामेछापमा संगठन विस्तार गर्दै रास्वपा,https://ekantipur.com/bagmati-pradesh/2026/04/25/rashtriya-swayamsevak-sangh-rss-is-expanding-its-organization-in-ramechhap-25-05.html,2026-04-25T15:25:21+05:45,ekantipur
एनसेलले तेस्रोपटक फाइभजी परीक्षणका लागि माग्यो अनुमति,https://ekantipur.com/news/2026/04/25/ncell-seeks-permission-for-third-5g-trial-08-13.html,2026-04-25T15:22:09+05:45,ekantipur
कविता : प्लेग,https://ekantipur.com/koseli/2026/04/25/poem-plague-37-40.html,2026-04-25T14:48:24+05:45,ekantipur
जेनजी आन्दोलनपछि फरार कैदी-बन्दी धमाधम पक्राउ,https://ekantipur.com/bagmati-pradesh/2026/04/25/prisoners-fleeing-after-genji-protests-are-being-arrested-in-a-hurry-30-18.html,2026-04-25T14:34:33+05:45,ekantipur
भन्सार छलेर भारतबाट ल्याइएका २२ इलेक्ट्रिक स्कुटर नियन्त्रणमा,https://ekantipur.com/business/2026/04/25/22-electric-scooters-imported-from-india-after-evading-customs-seized-23-02.html,2026-04-25T14:23:38+05:45,ekantipur
छथर जोरपाटीका ३९ योजना प्रदेश योजना बैंकमा,https://ekantipur.com/koshi-pradesh/2026/04/25/39-projects-of-chhathar-jorpati-in-the-provincial-planning-bank-34-11.html,2026-04-25T13:52:12+05:45,ekantipur
बाबुको हत्या अभियोगमा छोरा पक्राउ,https://ekantipur.com/lumbini-pradesh/2026/04/25/son-arrested-for-murdering-father-46-39.html,2026-04-25T13:47:59+05:45,ekantipur
सिनामंगल क्षेत्रबाट पनि खाली गरिँदै सुकुमवासी बस्ती [तस्बिरहरू],https://ekantipur.com/photo_feature/2026/04/25/slum-dwellers-being-evacuated-from-sinamangal-area-as-well-photos-46-24.html,2026-04-25T13:46:22+05:45,ekantipur
स्वास्थ्य केन्द्रमा सुविधा नहुँदा पीडामा परेका बेला पोष्टमार्टमको सास्ती,https://ekantipur.com/bagmati-pradesh/2026/04/25/the-pain-of-postmortem-after-the-death-of-a-relative-due-to-lack-of-facilities-at-the-health-center-36-08.html,2026-04-25T13:39:56+05:45,ekantipur
दार्माको ६ दिने स्वास्थ्य शिविरबाट ९ सय ५ जना लाभान्वित,https://ekantipur.com/karnali-pradesh/2026/04/25/905-people-benefited-from-darmas-6-day-health-camp-19-43.html,2026-04-25T13:29:56+05:45,ekantipur
लुम्बिनी राष्ट्रिय रोड रेसमा आर्मीको बर्चस्व,https://ekantipur.com/sports/2026/04/25/army-dominates-lumbini-national-road-race-18-42.html,2026-04-25T13:25:11+05:45,ekantipur
सान्या एसियन बिच गेम्स: नेपाली महिला कबड्डी टिम सेमिफाइनलमा,https://ekantipur.com/sports/2026/04/25/nepali-womens-kabaddi-team-reaches-semifinals-at-sanya-asian-beach-games-23-35.html,2026-04-25T13:24:21+05:45,ekantipur
यूएईविरुद्ध नेपालको २ सय रन,https://ekantipur.com/sports/2026/04/25/nepals-200-runs-against-uae-19-41.html,2026-04-25T13:23:39+05:45,ekantipur
अहिलेसम्म २२ सुकुमवासी परिवारले मात्रै गराए नाम दर्ता,https://ekantipur.com/news/2026/04/25/so-far-only-22-squatter-families-have-registered-their-names-22-07.html,2026-04-25T13:22:05+05:45,ekantipur
दुर्गम गाउँकी 'सरिता सिस्टर'लाई 'नेशनल सोसल वेलफेयर अवार्ड',https://ekantipur.com/news/2026/04/25/sarita-sister-from-remote-village-receives-national-social-welfare-award-14-49.html,2026-04-25T13:14:47+05:45,ekantipur
ऊर्जा र स्वास्थ्य क्षेत्रमा सहकार्य विस्तार गर्ने सिंगापुरको योजना,https://ekantipur.com/world/2026/04/25/singapore-plans-to-expand-cooperation-in-energy-and-health-01-33.html,2026-04-25T13:01:31+05:45,ekantipur
"गाजा संकट गहिरिँदै, मृतक संख्या बढ्दो",https://ekantipur.com/world/2026/04/25/gaza-crisis-deepens-death-toll-rises-56-16.html,2026-04-25T12:56:13+05:45,ekantipur
हचुवाका भरमा स्थानीय तह पुनर्संरचना नगर्न मन्त्री पराजुलीको सुझाव,https://ekantipur.com/koshi-pradesh/2026/04/25/minister-parajuli-suggests-not-to-restructure-local-levels-in-a-hurry-29-58.html,2026-04-25T12:30:09+05:45,ekantipur
बुटवलको राजमार्ग चौराहादेखि चिडिया खोलासम्मको साढे ३ किलोमिटर सडक ९ वर्षसम्म अधुरै,https://ekantipur.com/business/2026/04/25/6-kilometers-of-road-incomplete-for-9-years-15-16.html,2026-04-25T12:21:48+05:45,ekantipur
"‘नक्कली’ सुकुमवासीको विवरण सार्वजनिक गर्ने सरकारको तयारी, विस्थापितका लागि पाँच स्थान",https://ekantipur.com/news/2026/04/25/government-preparing-to-make-public-details-of-fake-squatters-five-locations-for-displacement-56-35.html,2026-04-25T11:56:33+05:45,ekantipur
डोजर चलेपछिको सुकुमवासी बस्ती [ड्रोन तस्बिर],https://ekantipur.com/photo_feature/2026/04/25/slum-dwellers-after-the-bulldozer-drone-photo-52-41.html,2026-04-25T11:52:38+05:45,ekantipur
"दशकपछि पनि अधुरो पुनर्निर्माण, भूकम्पीय जोखिममै छ नेपाल",https://ekantipur.com/news/2026/04/25/even-after-a-decade-reconstruction-is-incomplete-nepal-is-still-at-risk-of-earthquakes-28-21.html,2026-04-25T11:28:19+05:45,ekantipur
"थापाथलीमा चल्यो डोजर, भत्काइयो सुकुमवासी बस्ती [तस्बिरहरू]",https://ekantipur.com/photo_feature/2026/04/25/dozers-used-in-thapathali-demolishing-houses-of-sukuvasi-settlement-photos-12-51.html,2026-04-25T11:16:17+05:45,ekantipur
खोटाङमा ठेक्का लिएर काम नगर्ने १९ योजनाका निर्माण व्यवसायीलाई अन्तिम चेतावनीसहित पत्राचार,https://ekantipur.com/koshi-pradesh/2026/04/25/final-warning-letter-sent-to-construction-entrepreneurs-of-19-projects-in-khotang-who-do-not-fulfill-contracts-15-28.html,2026-04-25T11:15:26+05:45,ekantipur
धनकुटाका तीन सरकारी कार्यालय प्रमुखसँग स्पष्टीकरण माग,https://ekantipur.com/koshi-pradesh/2026/04/25/explanation-sought-from-heads-of-three-government-offices-in-dhankuta-03-16.html,2026-04-25T11:03:14+05:45,ekantipur
बर्दिया निकुञ्जको २० प्रतिशत भूभागमा फैलियो डढेलो,https://ekantipur.com/lumbini-pradesh/2026/04/25/fire-spreads-to-20-percent-of-bardiya-national-park-59-02.html,2026-04-25T10:59:00+05:45,ekantipur
"सैन्य ‘अन्तिम दलेल कवाज’ सम्पन्न, १०८ जना दिक्षित",https://ekantipur.com/karnali-pradesh/2026/04/25/military-final-parade-completes-108-graduates-58-57.html,2026-04-25T10:58:54+05:45,ekantipur
थापाथली सुकुमवासी बस्तीका ६० प्रतिशत संरचना भत्काइयो,https://ekantipur.com/news/2026/04/25/60-percent-of-the-structures-in-thapathali-squatter-settlement-demolished-17-03.html,2026-04-25T10:22:47+05:45,ekantipur
वीरगन्ज घण्टाघर : सामाजिक नेटवर्किङको केन्द्र,https://ekantipur.com/koseli/2026/04/25/birgunj-clock-tower-social-networking-10-49.html,2026-04-25T09:59:18+05:45,ekantipur
रत्नपार्क : आन्दोलनको मुकाम,https://ekantipur.com/koseli/2026/04/25/ratna-park-the-center-of-the-movement-02-44.html,2026-04-25T09:51:32+05:45,ekantipur
असन : क्रय–विक्रयको अजम्बरी चक्र,https://ekantipur.com/koseli/2026/04/25/asan-a-glorious-history-of-buying-and-selling-30-44.html,2026-04-25T09:45:13+05:45,ekantipur
उच्च सुरक्षा उपस्थितिबीच शान्तिपूर्णरुपमा खाली हुँदैछ सुकुमवासी बस्ती,https://ekantipur.com/news/2026/04/25/slum-dwellers-are-being-evacuated-peacefully-amid-heavy-security-presence-39-43.html,2026-04-25T09:43:42+05:45,ekantipur
अत्तरिया : सुदूरकोे केन्द्र,https://ekantipur.com/koseli/2026/04/25/attariya-intersection-connecting-distant-places-38-44.html,2026-04-25T09:38:06+05:45,ekantipur
धर्नेको फाँटदेखि हल्लनचोकसम्म,https://ekantipur.com/koseli/2026/04/25/from-the-protest-site-to-the-hallan-chowk-26-54.html,2026-04-25T09:34:36+05:45,ekantipur
त्रिभुवन–धम्बोजी चोक : आधुनिकता र इतिहासका कथावाचक,https://ekantipur.com/koseli/2026/04/25/tribhuvan-dhamboji-chowk-a-storyteller-of-modernity-and-history-59-30.html,2026-04-25T09:29:47+05:45,ekantipur
वीरेन्द्रनगरको वैभव,https://ekantipur.com/koseli/2026/04/25/the-splendor-of-birendranagar-49-35.html,2026-04-25T09:28:20+05:45,ekantipur
यूएईविरुद्ध नेपाल ब्याटिङमा,https://ekantipur.com/sports/2026/04/25/nepal-bats-against-uae-18-44.html,2026-04-25T09:18:42+05:45,ekantipur
"थापाथलीमा डोजर चल्यो, अन्य ठाउँमा के भइरहेको छ?",https://ekantipur.com/news/2026/04/25/the-dozer-was-used-in-thapathali-what-is-happening-elsewhere-06-55.html,2026-04-25T09:15:22+05:45,ekantipur
"सुस्ताए बटौलीका निम र कदम, चम्कियो ट्राफिक चोक",https://ekantipur.com/koseli/2026/04/25/the-pace-and-pace-of-batauli-slowed-down-the-traffic-circle-became-brighter-16-54.html,2026-04-25T09:04:30+05:45,ekantipur
विकल्पविहीनलाई रंगशालामा लगेर विवरण संकलन गर्ने प्रशासनको तयारी,https://ekantipur.com/news/2026/04/25/administration-prepares-to-take-those-with-no-alternative-to-the-stadium-and-collect-details-58-46.html,2026-04-25T08:58:44+05:45,ekantipur
समय चिनाइरहेको भानु चोक,https://ekantipur.com/koseli/2026/04/25/bhanu-chowk-a-place-that-marks-the-time-27-22.html,2026-04-25T08:50:14+05:45,ekantipur
वरगाछी चोक : मजदुर आन्दोलनदेखि जेन–जी विद्रोहसम्म,https://ekantipur.com/koseli/2026/04/25/baragachi-chowk-from-labor-movement-to-gen-g-rebellion-36-10.html,2026-04-25T08:47:48+05:45,ekantipur
नारायणगढ : बसपार्क अन्तै सर्‍यो तर पुलचोक पुग्छन् यात्रु,https://ekantipur.com/koseli/2026/04/25/narayangadh-bus-park-moved-elsewhere-but-passengers-reach-pulchowk-47-12.html,2026-04-25T08:30:47+05:45,ekantipur
कोलाहलको छायामा रामानन्द चोक,https://ekantipur.com/koseli/2026/04/25/ramananda-chowk-in-the-shadow-of-the-noise-51-39.html,2026-04-25T07:51:37+05:45,ekantipur
बस्तीबाट सुकुमवासी हटाउने तरखर [तस्बिरहरू],https://ekantipur.com/photo_feature/2026/04/25/efforts-to-remove-squatters-from-settlements-photos-41-34.html,2026-04-25T07:41:32+05:45,ekantipur
उपाधि होडमा रियल अझ कमजोर,https://ekantipur.com/sports/2026/04/25/real-madrid-are-even-weaker-in-the-title-race-41-12.html,2026-04-25T06:41:10+05:45,ekantipur
केही स्थानमा वर्षा र चट्याङको सम्भावना,https://ekantipur.com/news/2026/04/25/chance-of-rain-and-thunderstorms-in-some-places-37-56.html,2026-04-25T06:37:53+05:45,ekantipur
यूएईसँग खेल्दै नेपाल,https://ekantipur.com/sports/2026/04/25/nepal-playing-against-uae-34-29.html,2026-04-25T06:34:27+05:45,ekantipur
अमेरिकी डलरको मूल्यमा निरन्तर वृद्धि,https://ekantipur.com/business/2026/04/25/continued-rise-in-the-value-of-the-us-dollar-32-04.html,2026-04-25T06:32:01+05:45,ekantipur
फरेस्ट जोगिने लगभग निश्चित,https://ekantipur.com/sports/2026/04/25/forest-survival-almost-certain-29-13.html,2026-04-25T06:29:11+05:45,ekantipur
सरकारी प्रक्रियाप्रति प्रश्न उठाउँदै प्रदर्शन,https://ekantipur.com/news/2026/04/24/demonstration-questioning-the-process-32-27.html,2026-04-24T22:46:26+05:45,ekantipur
मानव अधिकार आयोगले भन्यो : सुकुमवासी पहिचान गरी व्यवस्थापन गर्नू,https://ekantipur.com/news/2026/04/24/human-rights-commission-says-squatters-should-be-identified-and-managed-35-22.html,2026-04-24T22:40:06+05:45,ekantipur
सशस्त्र प्रहरीका ६ एसएसपी डीआईजीमा बढुवा सिफारिस,https://ekantipur.com/news/2026/04/24/6-ssps-of-armed-police-force-promoted-to-dig-32-05.html,2026-04-24T22:32:02+05:45,ekantipur
"उठ्दै बस्ती, खोज्दै बासस्थान",https://ekantipur.com/news/2026/04/24/a-settlement-is-rising-looking-for-a-place-to-live-16-56.html,2026-04-24T22:25:55+05:45,ekantipur
केम्पो च्याम्पियनसिपमा नेपाललाई १७ पदक,https://ekantipur.com/sports/2026/04/24/nepal-wins-17-medals-at-kempo-championship-29-36.html,2026-04-24T21:29:33+05:45,ekantipur
तार्केश्वर लगातार तेस्रो पटक च्याम्पियन,https://ekantipur.com/sports/2026/04/24/tarkeshwar-is-the-champion-for-the-third-time-in-a-row-25-35.html,2026-04-24T21:25:32+05:45,ekantipur
"राष्ट्रिय मुद्दामा साझा धारणा बनाउने गरी कांग्रेस, एमाले र नेकपाबीच संवाद सुरु",https://ekantipur.com/politics/2026/04/24/dialogue-begins-between-congress-uml-and-ncp-to-forge-common-position-on-national-issues-00-31.html,2026-04-24T21:10:30+05:45,ekantipur
संघीय निजामती विधेयक : मुख्यसचिव र सचिवको पदावधि दुई/दुई वर्ष बनाउन प्रस्ताव,https://ekantipur.com/news/2026/04/24/federal-civil-service-bill-proposal-to-make-the-term-of-office-of-the-chief-secretary-and-secretary-two-years-each-40-02.html,2026-04-24T21:00:17+05:45,ekantipur
अमेरिकी प्रविधि कम्पनीहरू नेपालमा लगानी विस्तार गर्न इच्छुक,https://ekantipur.com/technology/2026/04/24/us-technology-companies-keen-to-expand-investment-in-nepal-28-02.html,2026-04-24T20:41:53+05:45,ekantipur
सरुवामा सरकारकाे ध्यान: एकैदिन २५ सहसचिवको स्थानान्तरण,https://ekantipur.com/news/2026/04/24/intensification-in-employee-management-02-55.html,2026-04-24T20:11:18+05:45,ekantipur
स्ववियु खुला भलिबल : तातोपानी र हाम्रो पातारासी फाइनलमा,https://ekantipur.com/sports/2026/04/24/swavi-open-volleyball-tatopani-and-hamro-patarasi-in-the-finals-44-32.html,2026-04-24T19:44:29+05:45,ekantipur
सरुवा भएका २५ सहसचिवमध्ये २० जनालाई प्रदेश पठाइयो,https://ekantipur.com/news/2026/04/24/20-of-the-25-joint-secretaries-transferred-were-sent-to-the-provinces-07-21.html,2026-04-24T19:07:17+05:45,ekantipur
पक्राउ परे पूर्वमन्त्री विक्रम पाण्डे,https://ekantipur.com/news/2026/04/24/former-minister-bikram-pandey-arrested-01-56.html,2026-04-24T19:01:54+05:45,ekantipur
"तनहुँ बस दुर्घटना हुँदा २ जनाको मृत्यु, ९ जना सख्त घाइते",https://ekantipur.com/gandaki-pradesh/2026/04/24/2-killed-9-seriously-injured-in-tanahun-bus-accident-24-26.html,2026-04-24T18:24:24+05:45,ekantipur
सान्या एसियन बिच गेम्सअन्तर्गत महिला कबड्डी स्थगित,https://ekantipur.com/sports/2026/04/24/womens-kabaddi-postponed-at-sanya-asian-beach-games-22-36.html,2026-04-24T18:22:34+05:45,ekantipur
पश्चिम एसियाको द्वन्द्वपछि ३० हजार नेपाली स्वदेश फर्किएः परराष्ट्र मन्त्रालय,https://ekantipur.com/news/2026/04/24/30000-nepalis-return-home-after-west-asian-conflicts-ministry-of-foreign-affairs-22-17.html,2026-04-24T18:22:14+05:45,ekantipur
ट्रेड युनियन नरहने गरी निजामती विधेयकको मस्यौदा तयार,https://ekantipur.com/news/2026/04/24/draft-civil-service-bill-prepared-to-eliminate-trade-unions-15-15.html,2026-04-24T18:15:55+05:45,ekantipur
व्यवसायी शेखर गोल्छाविरुद्ध ४ दिन म्याद थप,https://ekantipur.com/news/2026/04/24/remand-period-against-businessman-shekhar-golchha-extended-by-4-days-10-53.html,2026-04-24T18:10:50+05:45,ekantipur
मनोहराका सुकुमवासीहरु पनि सामान सार्दै,https://ekantipur.com/national/2026/04/24/manoharas-squatters-are-also-moving-their-belongings-04-33.html,2026-04-24T18:04:30+05:45,ekantipur
"सुकुमवासीको सुस्केरा : जाने ठाउँ छैन, डोजरसँग लड्ने तागत छैन",https://ekantipur.com/news/2026/04/24/slum-dwellers-sigh-no-place-to-go-no-strength-to-fight-the-bulldozer-17-13.html,2026-04-24T17:53:33+05:45,ekantipur
परासीमा मापदण्ड विपरीतका संरचनामा डोजर,https://ekantipur.com/lumbini-pradesh/2026/04/24/municipality-bulldozers-on-structures-that-violate-standards-in-parasi-42-35.html,2026-04-24T17:42:33+05:45,ekantipur
यी हुन् बिहीबारको मन्त्रिपरिषद् बैठकका निर्णयहरु,https://ekantipur.com/news/2026/04/24/these-are-the-decisions-of-thursdays-cabinet-meeting-37-58.html,2026-04-24T17:37:56+05:45,ekantipur
नेपाली सेना र नेतृत्वविरुद्ध भ्रामक सूचना फैलाउनेलाई कारबाही गर्ने चेतावनी,https://ekantipur.com/news/2026/04/24/warning-of-action-against-those-spreading-misleading-information-against-the-nepali-army-and-leadership-32-00.html,2026-04-24T17:31:58+05:45,ekantipur
उच्च अदालत बुटवलको अतिक्रमित जग्गामा डोजर चलाउने तयारी,https://ekantipur.com/lumbini-pradesh/2026/04/24/preparations-to-use-a-dozer-on-the-encroached-land-of-the-high-court-in-butwal-26-02.html,2026-04-24T17:31:46+05:45,ekantipur
वास्तविक सुकुमवासीका लागि प्रक्रिया पुर्‍याएर यथाशक्य चाँडो जग्गा वितरण : प्रधानमन्त्री,https://ekantipur.com/news/2026/04/24/177703053843559076.html,2026-04-24T17:20:27+05:45,ekantipur
जोखिमपूर्ण घर टहरामा व्यवसाय सञ्चालन नगर्न प्रशासनको आग्रह,https://ekantipur.com/madhesh-pradesh/2026/04/24/administration-urges-people-not-to-operate-businesses-in-risky-housing-estates-07-49.html,2026-04-24T17:07:47+05:45,ekantipur
साँखुमा प्रहरीले लागूऔषध कारोबारी समात्न गोली चलायो,https://ekantipur.com/national/2026/04/24/police-open-fire-to-arrest-drug-dealer-in-sankhu-01-33.html,2026-04-24T17:01:30+05:45,ekantipur
नुवाकोटको पञ्चकन्या गाउँपालिकाले लगाएको चियाको व्यावसायिक उत्पादन सुरु,https://ekantipur.com/bagmati-pradesh/2026/04/24/commercial-production-of-tea-planted-by-panchakanya-rural-municipality-of-nuwakot-begins-56-36.html,2026-04-24T16:56:34+05:45,ekantipur
"तनहुँमा बस दुर्घटना, घाइतेको उद्धार जारी",https://ekantipur.com/gandaki-pradesh/2026/04/24/bus-accident-in-tanahun-rescue-of-injured-continues-45-27.html,2026-04-24T16:45:24+05:45,ekantipur
नेपाल ‘ए’ द्वारा ओमान पराजित,https://ekantipur.com/sports/2026/04/24/nepal-a-defeats-oman-44-02.html,2026-04-24T16:44:00+05:45,ekantipur
इजरायलमा ज्यान गुमाएका विपीन जोशीको परिवारलाई सरकारले १० लाख दिने,https://ekantipur.com/news/2026/04/24/government-to-give-rs-1-million-to-family-of-bipin-joshi-who-lost-his-life-in-israel-33-37.html,2026-04-24T16:33:35+05:45,ekantipur
कांग्रेसले भन्यो : सरकारले संसदको सर्वोच्चतालाई अवमूल्यन गर्‍यो,https://ekantipur.com/politics/2026/04/24/congress-said-the-government-has-devalued-the-supremacy-of-parliament-33-10.html,2026-04-24T16:33:08+05:45,ekantipur
दक्षिण पूर्वी एसियाबाट ६ सय १२ नेपालीको उद्धार,https://ekantipur.com/news/2026/04/24/612-nepalis-rescued-from-southeast-asia-20-18.html,2026-04-24T16:20:15+05:45,ekantipur
कांग्रेस संसदीय दलको नेता चयन प्रक्रिया स्थगित,https://ekantipur.com/news/2026/04/24/congress-parliamentary-party-leader-selection-process-postponed-12-58.html,2026-04-24T16:12:56+05:45,ekantipur
सुकुमवासीमाथि बल प्रयोग मानवीय र कानुनी दृष्टिले अनुपयुक्त : एमाले,https://ekantipur.com/news/2026/04/24/use-of-force-against-squatters-is-inappropriate-from-a-humanitarian-and-legal-perspective-uml-09-34.html,2026-04-24T16:11:37+05:45,ekantipur
"सुक्खा मौसमको असर : डढेलो बढ्दै, काठमाडौं सर्वाधिक प्रदूषित सहर",https://ekantipur.com/news/2026/04/24/impact-of-dry-weather-fires-increasing-kathmandu-most-polluted-city-58-46.html,2026-04-24T15:58:43+05:45,ekantipur
सम्पत्ति जाँचबुझ आयोगको प्रवक्ताको जिम्मेवारी गणेश केसीलाई,https://ekantipur.com/news/2026/04/24/ganesh-kc-appointed-as-spokesperson-of-assets-inquiry-commission-55-19.html,2026-04-24T15:55:17+05:45,ekantipur
एकैपटक १७ चिकित्सकको लाइसेन्स दर्ता खारेज,https://ekantipur.com/news/2026/04/24/licenses-of-17-doctors-revoked-at-once-48-23.html,2026-04-24T15:48:21+05:45,ekantipur
आर्थिक कूटनीति सरकारको प्रमुख प्राथमिकता : परराष्ट्र प्रवक्ता,https://ekantipur.com/news/2026/04/24/economic-diplomacy-is-the-governments-top-priority-foreign-ministry-spokesperson-47-09.html,2026-04-24T15:47:07+05:45,ekantipur
ढिलो राहतले जुम्लाका बाढीपहिरोपीडितलाई आहत,https://ekantipur.com/karnali-pradesh/2026/04/24/delayed-relief-hurts-flood-and-landslide-victims-in-jumla-27-28.html,2026-04-24T15:40:45+05:45,ekantipur
"नेप्सेमा सामान्य अंकको वृद्धि, ५ अर्ब २७ करोड रुपैयाँको कारोबार",https://ekantipur.com/business/2026/04/24/nepse-sees-modest-increase-in-points-turnover-of-rs-527-billion-34-42.html,2026-04-24T15:39:08+05:45,ekantipur
भानुआटुसँग नेपालको अप्रत्यासित हार,https://ekantipur.com/sports/2026/04/24/nepals-unexpected-defeat-to-vanuatu-36-15.html,2026-04-24T15:36:13+05:45,ekantipur
"विराटनगरमा फुटपाथ खाली गरिँदै, विकल्पविहीन भएको साना व्यवसायीको गुनासो",https://ekantipur.com/koshi-pradesh/2026/04/24/small-business-owners-complain-that-they-have-no-choice-but-to-clear-sidewalks-in-biratnagar-08-12.html,2026-04-24T15:08:10+05:45,ekantipur
गुल्मी महोत्सवले स्थानीय संस्कृति र व्यापारलाई जोड्दै,https://ekantipur.com/lumbini-pradesh/2026/04/24/177702091824281786.html,2026-04-24T14:43:25+05:45,ekantipur
"नयाँ बसपार्कबाट छुट्न थाले धादिङ, नुवाकोट र रसुवाका बस",https://ekantipur.com/national/2026/04/24/buses-from-dhading-nuwakot-and-rasuwa-will-now-only-leave-from-the-new-bus-park-38-05.html,2026-04-24T14:38:02+05:45,ekantipur
"तीनढ्वाङ्गे खहरे पुल दुई वर्षदेखि अलपत्र, स्थानीयलाई सास्ती",https://ekantipur.com/koshi-pradesh/2026/04/24/tindhwange-khahare-bridge-has-been-abandoned-for-two-years-causing-suffering-to-locals-42-59.html,2026-04-24T14:27:49+05:45,ekantipur
गुन्द्रुकको गुणस्तर मापदण्ड तोकियो,https://ekantipur.com/business/2026/04/24/quality-standards-for-gunpowder-set-gunpowder-with-mold-and-insects-will-no-longer-be-allowed-to-be-sold-16-08.html,2026-04-24T14:26:16+05:45,ekantipur
अतिक्रमित जग्गा फिर्ता गर्न ल्याब स्कुलसहितलाई त्रिविको पत्र,https://ekantipur.com/news/2026/04/24/tus-letter-to-lab-school-to-return-encroached-land-18-01.html,2026-04-24T14:17:58+05:45,ekantipur
सुकुमवासी बस्ती हटाउने सरकारको तयारी रोक्न मागसहित सर्वोच्चमा रिट,https://ekantipur.com/news/2026/04/24/writ-filed-in-supreme-court-demanding-to-stop-governments-preparations-to-remove-squatter-settlements-16-11.html,2026-04-24T14:16:09+05:45,ekantipur
'व्यवसायीमाथि भइरहेको धरपकड र थुनछेकबाट निजी क्षेत्र निरुत्साहित',https://ekantipur.com/business/2026/04/24/all-three-umbrella-organizations-of-the-private-sector-voice-one-voice-arrests-and-detentions-of-entrepreneurs-and-businessmen-in-what-was-expected-to-be-an-investment-friendly-environment-09-53.html,2026-04-24T14:03:57+05:45,ekantipur
बजार क्षेत्रका फुटपाथ हटाउन फुङलिङ नगरपालिकाको ७ दिने अल्टिमेटम,https://ekantipur.com/koshi-pradesh/2026/04/24/phungling-municipality-issues-7-day-ultimatum-to-remove-sidewalks-in-market-area-56-18.html,2026-04-24T13:56:16+05:45,ekantipur
कालीकोटको राष्ट्रपति रनिङ शिल्डमा तिलागुफाको बर्चश्व,https://ekantipur.com/karnali-pradesh/2026/04/24/tilagufas-barshashwa-on-the-presidential-running-shield-in-kalikot-53-29.html,2026-04-24T13:53:02+05:45,ekantipur
सुकुमवासी मोर्चाले भन्यो : ‘सुकुमवासी बस्ती खाली गराउने निर्णय असंवैधानिक र अमानवीय’,https://ekantipur.com/news/2026/04/24/sukumwasi-morcha-says-the-decision-to-evacuate-the-squatter-settlements-is-unconstitutional-and-inhumane-51-43.html,2026-04-24T13:51:40+05:45,ekantipur
सार्वजनिक जग्गा मिचेर बनाइएका संरचना हटाउन पोखरा महानगरको ३५ दिने अल्टिमेटम,https://ekantipur.com/gandaki-pradesh/2026/04/24/pokhara-metropolitan-city-issues-35-day-ultimatum-to-remove-structures-built-encroaching-on-public-land-49-46.html,2026-04-24T13:49:43+05:45,ekantipur
भारतलाई 'नरक' भन्ने ट्रम्पको पोस्टले चर्कियो विवाद,https://ekantipur.com/world/2026/04/24/trumps-post-calling-india-hell-sparks-controversy-11-38.html,2026-04-24T13:21:42+05:45,ekantipur
सुकुमवासी बस्ती हटाउने कार्य रोक्न सरकारलाई एम्नेस्टी इन्टरनेसनलको आग्रह,https://ekantipur.com/news/2026/04/24/amnesty-international-urges-government-to-halt-eviction-of-squatter-settlements-14-43.html,2026-04-24T13:14:40+05:45,ekantipur
सुनको मूल्य प्रतितोला २ हजार २ सयले घट्यो,https://ekantipur.com/business/2026/04/24/gold-price-drops-by-2200-per-tola-52-19.html,2026-04-24T12:52:17+05:45,ekantipur
रास्वपा कार्यालयमा सुरक्षा व्यवस्था कडा,https://ekantipur.com/news/2026/04/24/security-tightened-at-rashtriya-swayamsevak-sangh-rss-office-after-sukumvasi-arrives-41-43.html,2026-04-24T12:45:01+05:45,ekantipur
कच्चा पदार्थको अभावमा हेटौँडा सिमेन्ट उद्योग बन्द,https://ekantipur.com/news/2026/04/24/hetauda-cement-industry-closed-due-to-lack-of-raw-materials-34-53.html,2026-04-24T12:34:51+05:45,ekantipur
त्रासमा छ सुकुमवासी बस्ती,https://ekantipur.com/news/2026/04/24/slum-dwellers-in-fear-31-27.html,2026-04-24T12:31:25+05:45,ekantipur
सुकुमवासी अगुवा प्रहरी नियन्त्रणमा,https://ekantipur.com/news/2026/04/24/sukum-village-leader-under-police-control-15-28.html,2026-04-24T12:15:26+05:45,ekantipur
स्थानीयको सक्रियता बढ्दा सडक र सरसफाइले फेरियो बस्ती,https://ekantipur.com/gandaki-pradesh/2026/04/24/as-locals-become-more-active-the-settlement-is-transformed-with-roads-and-sanitation-07-34.html,2026-04-24T11:07:32+05:45,ekantipur
"भैरहवा भन्सार नाकामा कडाइ, सुनौली बजार सुनसान",https://ekantipur.com/business/2026/04/24/strict-measures-at-bhairahawa-customs-checkpoint-sunauli-bazaar-deserted-47-03.html,2026-04-24T10:55:20+05:45,ekantipur
राति अवेरसम्म डान्स बार सञ्चालन गर्ने ४ जना पक्राउ,https://ekantipur.com/bagmati-pradesh/2026/04/24/4-arrested-for-running-dance-bar-until-late-at-night-58-30.html,2026-04-24T09:58:27+05:45,ekantipur
विकासका नाममा हिंसा : मुक्कुम्लुङदेखि बोझेनीसम्म,https://ekantipur.com/opinion/2026/04/24/violence-in-the-name-of-development-from-mukkumlung-to-bozheni-10-35.html,2026-04-24T09:46:33+05:45,ekantipur
"कुलेखानी जलाशयको पानीबाट थप एक सय मेगावाट विद्युत् उत्पादन गर्ने, १५ अर्ब बढी लगानी",https://ekantipur.com/business/2026/04/24/an-additional-100-megawatts-of-electricity-will-be-generated-from-the-water-of-the-kulekhani-reservoir-with-an-additional-investment-of-15-billion-40-21.html,2026-04-24T09:40:19+05:45,ekantipur
सम्मान खोजिरहेका खाडीका श्रमिक,https://ekantipur.com/opinion/2026/04/24/gulf-workers-seeking-respect-29-47.html,2026-04-24T09:22:58+05:45,ekantipur
इजरायल र लेबनानबीचको युद्धविराम थप ३ हप्ता लम्ब्याउने ट्रम्पको घोषणा,https://ekantipur.com/world/2026/04/24/trump-announces-extension-of-ceasefire-between-israel-and-lebanon-for-another-3-weeks-08-41.html,2026-04-24T09:08:39+05:45,ekantipur
सम्पत्ति शुद्धीकरण अनुसन्धान विभागले अनुसन्धान जारी राखेका बेला धितोपत्र र बिमा सम्बन्धी कसुरमा गोल्छामाथि अनुसन्धान,https://ekantipur.com/news/2026/04/24/for-what-crime-was-businessman-shekhar-golchha-arrested-26-53.html,2026-04-24T08:55:10+05:45,ekantipur
लागुऔषध कारोबारमा संलग्न भएको आरोपमा एकै दिन १३ जना पक्राउ,https://ekantipur.com/lumbini-pradesh/2026/04/24/13-people-arrested-in-a-single-day-on-charges-of-involvement-in-drug-trafficking-48-27.html,2026-04-24T08:48:24+05:45,ekantipur
नागरिकलाई स्पर्श गर्ने लोकतन्त्रको खोजी,https://ekantipur.com/opinion/2026/04/24/the-search-for-a-democracy-that-touches-the-citizens-52-49.html,2026-04-24T08:38:37+05:45,ekantipur
बजेटको पर्खाइमा ‘ड्रिम फाप्ला’,https://ekantipur.com/sports/2026/04/24/177699537581229128.html,2026-04-24T07:34:25+05:45,ekantipur
छैटौं एसियन बिच गेम्स: कबड्डीमा ताइपेईविरुद्ध नेपालको सानदार जित,https://ekantipur.com/sports/2026/04/24/6th-asian-beach-games-nepals-stunning-win-over-taipei-in-kabaddi-13-12.html,2026-04-24T07:13:09+05:45,ekantipur
ओर्बानको पराजय र ‘पपुलिजम’को भविष्य,https://ekantipur.com/opinion/2026/04/24/orbns-defeat-and-the-future-of-populism-02-20.html,2026-04-24T07:02:18+05:45,ekantipur
घरजग्गा कारोबारबाट चैतमा मात्रै सवा ६ अर्ब रुपैयाँ राजस्व,https://ekantipur.com/business/2026/04/24/revenue-from-real-estate-transactions-in-chaitra-alone-was-rs-625-billion-57-59.html,2026-04-24T06:57:57+05:45,ekantipur
सरकारी सूचना प्रणालीमा बढ्यो र्‍यानसमवेयर आक्रमण,https://ekantipur.com/business/2026/04/24/ransomware-attacks-on-government-information-systems-increase-54-58.html,2026-04-24T06:54:56+05:45,ekantipur
भारतको पश्चिम बंगाल र तमिलनाडुमा ऐतिहासिक मतदान,https://ekantipur.com/world/2026/04/24/historic-voting-in-west-bengal-and-tamil-nadu-34-34.html,2026-04-24T06:34:32+05:45,ekantipur
लुम्बिनी र सुदूरपश्चिम प्रदेशका तराई क्षेत्रमा तातो लहर चल्ने,https://ekantipur.com/news/2026/04/24/heat-wave-expected-in-lumbini-and-terai-regions-of-sudurpaschim-province-21-40.html,2026-04-24T06:21:38+05:45,ekantipur
एकसाथ ४५ विधेयकको मस्यौदा तयार पार्दै सरकार,https://ekantipur.com/news/2026/04/24/government-preparing-drafts-of-45-bills-simultaneously-18-34.html,2026-04-24T06:18:32+05:45,ekantipur
"बढ्यो अमेरिकी डलरको मूल्य, यस्तो छ अन्य मुद्राको विनिमयदर",https://ekantipur.com/business/2026/04/24/the-value-of-the-us-dollar-has-increased-this-is-the-exchange-rate-of-other-currencies-16-30.html,2026-04-24T06:16:27+05:45,ekantipur
ओभिएडोसँग भिल्लारियलको बराबरी,https://ekantipur.com/sports/2026/04/24/villarreal-draws-with-oviedo-07-19.html,2026-04-24T06:07:16+05:45,ekantipur
"जग्गा बैतडीमा, कर तिर्न डडेल्धुरा",https://ekantipur.com/sudurpaschim-pradesh/2026/04/23/dadeldhura-to-pay-land-tax-in-baitadi-39-32.html,2026-04-23T23:59:17+05:45,ekantipur
अतिक्रमित जग्गा खाली गराइदिन राजविराज नगरपालिकालाई फेरि ताकेता,https://ekantipur.com/madhesh-pradesh/2026/04/23/rajbiraj-municipality-again-asked-to-vacate-encroached-land-43-12.html,2026-04-23T23:58:15+05:45,ekantipur
डुडुवाको कृषि चौफेरी गाउँमा ६ घर जले,https://ekantipur.com/lumbini-pradesh/2026/04/23/6-houses-burnt-down-in-agricultural-village-of-chauferi-in-duduwa-54-07.html,2026-04-23T23:54:04+05:45,ekantipur
‘क्रसर चलाउन’ सडक निर्माणमा ढिलाइ !,https://ekantipur.com/gandaki-pradesh/2026/04/23/road-construction-delayed-due-to-crusher-use-27-44.html,2026-04-23T23:43:21+05:45,ekantipur
छोराछोरीलाई एक कक्षा पढाउनै गाउँ छाड्छन् ठोङठोङबासी,https://ekantipur.com/bagmati-pradesh/2026/04/23/forced-to-leave-the-village-to-teach-1st-grade-34-29.html,2026-04-23T23:30:15+05:45,ekantipur
धनकुटा एमालेको घोषणा- ‘नागरिकको सहजता पहिलो सर्त’,https://ekantipur.com/koshi-pradesh/2026/04/23/dhankuta-umls-announcement-citizens-convenience-is-the-first-condition-15-50.html,2026-04-23T23:15:48+05:45,ekantipur
"गोरखपुर रेल्वे स्टेसनमा अलपत्र दिदीभाइ फर्के घर, लगाइयो परिवारको जिम्मा",https://ekantipur.com/lumbini-pradesh/2026/04/23/sisters-stranded-at-gorakhpur-railway-station-return-home-placed-in-charge-of-family-09-26.html,2026-04-23T23:09:23+05:45,ekantipur
लोकतन्त्रको संघर्षपूर्ण बाटो,https://ekantipur.com/opinion/2026/04/23/the-struggle-path-to-democracy-08-13.html,2026-04-23T23:03:27+05:45,ekantipur
संसद् अधिवेशन नबस्दै किन स्थगन गरियो ? ७ प्रश्नोत्तरमा बुझ्नुहोस्,https://ekantipur.com/politics/2026/04/23/why-was-the-parliament-session-adjourned-without-sitting-understand-in-7-qa-58-28.html,2026-04-23T22:58:26+05:45,ekantipur
कान्तिपुर मिडिया ग्रुपका प्रबन्ध निर्देशक सम्भव सिरोहियाद्वारा राजीनामा,https://ekantipur.com/news/2026/04/23/kantipur-media-group-managing-director-sambhav-sirohia-resigns-29-59.html,2026-04-23T22:32:35+05:45,ekantipur
अवैध सामानसहित चालक पक्राउ,https://ekantipur.com/madhesh-pradesh/2026/04/23/driver-arrested-with-illegal-goods-20-54.html,2026-04-23T22:23:44+05:45,ekantipur
वाटा ओपन तेक्वान्दोलाई खेलाडी प्रस्थान,https://ekantipur.com/sports/2026/04/23/players-depart-for-wata-open-taekwondo-14-30.html,2026-04-23T22:14:25+05:45,ekantipur
गल्छी आरएमलाई धादिङ क्रिकेट लिग,https://ekantipur.com/sports/2026/04/23/dhading-cricket-league-for-galchhi-rm-12-16.html,2026-04-23T22:12:14+05:45,ekantipur
ट्रम्पले गरे रंगभेदी पोस्ट : 'नर्कको प्वाल' भन्दै भारत–चीनको अपमान,https://ekantipur.com/world/2026/04/23/trump-makes-racist-post-insults-india-china-by-calling-them-hell-holes-35-52.html,2026-04-23T21:35:50+05:45,ekantipur
'संविधान संशोधन बहसपत्र तयार गर्ने कार्यदल’को दोस्रो बैठक सम्पन्न,https://ekantipur.com/news/2026/04/23/second-meeting-of-working-group-to-prepare-constitutional-amendment-discussion-paper-concluded-25-33.html,2026-04-23T21:25:31+05:45,ekantipur
काठमाडौंका सुकुम्बासी बस्ती शनिबारसम्ममा खाली गर्न महानगरको उर्दी,https://ekantipur.com/national/2026/04/23/kathmandu-metropolitan-city-orders-evacuation-of-squatter-settlements-by-saturday-20-57.html,2026-04-23T21:20:53+05:45,ekantipur
त्रिभुवन अन्तर्राष्ट्रिय विमानस्थलमा सञ्चालित पसलमा प्रधानमन्त्री कार्यालयसहितको टोलीद्वारा अनुगमन,https://ekantipur.com/national/2026/04/23/a-team-from-the-prime-ministers-office-monitors-shops-operating-at-tribhuvan-international-airport-30-55.html,2026-04-23T20:30:52+05:45,ekantipur
विश्व टेबलटेनिस दिवसमा कार्यक्रम,https://ekantipur.com/sports/2026/04/23/program-on-world-table-tennis-day-09-32.html,2026-04-23T20:09:28+05:45,ekantipur
इलाम गोल्डकपको फाइनलमा एनआरटी र मच्छिन्द्र भिड्ने,https://ekantipur.com/sports/2026/04/23/nrt-and-machhindra-to-clash-in-ilam-gold-cup-final-54-13.html,2026-04-23T19:54:07+05:45,ekantipur
कृषिमार्फत समृद्धि हासिल गर्न 'ड्रिम प्रोजेक्ट',https://ekantipur.com/madhesh-pradesh/2026/04/23/dream-project-to-achieve-prosperity-through-agriculture-36-38.html,2026-04-23T19:47:02+05:45,ekantipur
हिमामा १६ औं राष्ट्रपति रनिङ सिल्ड सुरु,https://ekantipur.com/sports/2026/04/23/16th-presidents-running-shield-begins-in-hima-28-04.html,2026-04-23T19:29:47+05:45,ekantipur
सीमा नाकामा पर्यटकलाई सास्ती दिएको भन्दै तीन जना नियन्त्रणमा,https://ekantipur.com/lumbini-pradesh/2026/04/23/three-arrested-for-harassing-tourists-at-border-checkpoint-08-16.html,2026-04-23T19:09:54+05:45,ekantipur
"बागलुङमा ९४ पदमार्गको योजना, ८६ वटाको काम सुरु",https://ekantipur.com/gandaki-pradesh/2026/04/23/94-trekking-routes-planned-in-baglung-work-on-86-begins-52-45.html,2026-04-23T19:08:32+05:45,ekantipur
भन्सारमा गरिएको कडाइप्रति भारतको चासो,https://ekantipur.com/news/2026/04/23/indias-concern-over-stricter-customs-regulations-06-57.html,2026-04-23T19:06:53+05:45,ekantipur
अटो हाँकेर श्रीमान्‌को उपचार खर्च जुटाउँदै,https://ekantipur.com/news/2026/04/23/driving-an-auto-to-pay-for-her-husbands-medical-expenses-02-26.html,2026-04-23T18:41:19+05:45,ekantipur
हर्क साम्पाङद्वारा उद्घाटन गर्ने भनिएको सालिक उद्घाटन कार्यक्रम विवादमा,https://ekantipur.com/koshi-pradesh/2026/04/23/controversy-over-statue-inauguration-program-to-be-inaugurated-by-hark-sampang-07-31.html,2026-04-23T18:40:29+05:45,ekantipur
"स्ववियु खुला भलिबल: केटिएस, तातोपानी र पातारासी विजयी",https://ekantipur.com/sports/2026/04/23/swu-open-volleyball-kts-tatopani-and-patarasi-win-23-36.html,2026-04-23T18:39:48+05:45,ekantipur
व्यवसायी शेखर गोल्छा पक्राउ,https://ekantipur.com/news/2026/04/23/businessman-shekhar-golchha-arrested-34-02.html,2026-04-23T18:33:59+05:45,ekantipur
तत्कालीन इन्जिनयर यादवविरुद्ध १ करोड ४६ लाखको भ्रष्टाचार मुद्दा दायर,https://ekantipur.com/news/2026/04/23/corruption-case-of-rs-146-million-filed-against-then-engineer-yadav-25-36.html,2026-04-23T18:25:33+05:45,ekantipur
प्रज्ञा पुरस्कार–२०८२ बाट १२ जना पुरस्कृत हुँदै,https://ekantipur.com/literature/2026/04/23/12-people-to-be-awarded-pragya-award-2082-19-17.html,2026-04-23T18:19:14+05:45,ekantipur
रोल्पा अस्पतालका कर्मचारीले तीन महिनादेखि तलब पाएनन्,https://ekantipur.com/lumbini-pradesh/2026/04/23/rolpa-hospital-employees-have-not-received-their-salaries-for-three-months-18-13.html,2026-04-23T18:18:11+05:45,ekantipur
"प्रक्रियागत झन्झट हटाउन नवलपरासीका उद्योगी, व्यवसायीको माग",https://ekantipur.com/lumbini-pradesh/2026/04/23/industrialists-and-businessmen-of-nawalparasi-demand-removal-of-procedural-hassles-11-38.html,2026-04-23T18:11:35+05:45,ekantipur
"कांग्रेसले संसदीय दलको नेता भोलि छान्ने, आङ्देम्बे र आचार्यबीच प्रतिस्पर्धा",https://ekantipur.com/politics/2026/04/23/nepali-congress-to-choose-parliamentary-party-leader-tomorrow-competition-between-angdambe-and-acharya-54-28.html,2026-04-23T17:54:26+05:45,ekantipur
एन्फालाई निलम्बन गर्ने निर्णय फिर्ता लिन राखेपलाई फिफा र एएफसीको समयसीमा,https://ekantipur.com/sports/2026/04/23/fifa-and-afc-give-nsc-deadline-to-withdraw-decision-to-suspend-anfa-50-08.html,2026-04-23T17:50:05+05:45,ekantipur
बजेट अभावले लुम्बिनीका ३६८ खानेपानी योजना अलपत्र,https://ekantipur.com/lumbini-pradesh/2026/04/23/368-drinking-water-projects-in-lumbini-stalled-due-to-budget-shortage-17-29.html,2026-04-23T17:49:29+05:45,ekantipur
१७ बैशाखमा बोलाएको संसद् अधिवेशन स्थगित,https://ekantipur.com/news/2026/04/23/parliament-session-called-for-17-baisakh-postponed-33-23.html,2026-04-23T17:33:17+05:45,ekantipur
गैरआवासीय नेपाली ऐनसम्बन्धी विधेयक आगामी संसद् अधिवेशनमा प्रस्तुत गर्ने तयारी,https://ekantipur.com/news/2026/04/23/preparations-to-present-bill-related-to-non-resident-nepali-act-in-upcoming-parliament-session-26-14.html,2026-04-23T17:26:12+05:45,ekantipur
[अर्काइभ] बन्दुकको त्रासमा जनप्रतिनिधि चुनिएको त्यो निर्वाचन...,https://ekantipur.com/Kantipur-Archive/2026/04/23/archive-that-election-where-peoples-representatives-were-elected-under-the-fear-of-guns-15-47.html,2026-04-23T17:22:06+05:45,ekantipur
सुकेपानीमा बेलिब्रिज राख्न वैसाख २५ सम्म यातायात बन्द,https://ekantipur.com/koshi-pradesh/2026/04/23/traffic-closed-until-april-10-to-install-bailey-bridge-in-sukepani-57-21.html,2026-04-23T17:18:44+05:45,ekantipur
उत्पीडनको कथाले जोडेको ‘लालीबजार’ टिम,https://ekantipur.com/entertainment/2026/04/23/lalibazar-was-born-after-months-of-research-42-37.html,2026-04-23T17:18:14+05:45,ekantipur
एसिया प्रशान्त क्षेत्रमा एडीबीको लगानी प्रतिबद्धता २० प्रतिशत बढ्यो,https://ekantipur.com/business/2026/04/23/adbs-investment-commitment-to-the-asia-pacific-region-increases-by-20-percent-43-25.html,2026-04-23T16:43:22+05:45,ekantipur
मुख्यमन्त्री बानियाँको राजनीतिक सल्लाहकारमा खनाल नियुक्त,https://ekantipur.com/politics/2026/04/23/khanal-appointed-as-political-advisor-to-chief-minister-baniya-40-15.html,2026-04-23T16:40:13+05:45,ekantipur
योग्यता विवादमा महान्यायाधिवक्ता कँडेललाई छलफलमा बोलाउने सर्वोच्चको आदेश,https://ekantipur.com/news/2026/04/23/supreme-court-orders-summoning-attorney-general-kandel-for-discussion-on-competency-dispute-36-04.html,2026-04-23T16:36:02+05:45,ekantipur
पत्रकारको टोलीद्वारा प्रजिअलाई ज्ञापनपत्र,https://ekantipur.com/madhesh-pradesh/2026/04/23/a-team-of-journalists-submits-a-memorandum-to-the-chief-district-officer-20-39.html,2026-04-23T16:33:25+05:45,ekantipur
सामाजिक सञ्जाल कम्पनीहरू नेपालमा दर्ता नहुँदा काम गर्न गाह्रो भयो : आईजीपी कार्की,https://ekantipur.com/news/2026/04/23/social-media-companies-found-it-difficult-to-operate-due-to-lack-of-registration-in-nepal-igp-karki-32-34.html,2026-04-23T16:32:29+05:45,ekantipur
"साउदीमा ५३ नेपाली श्रमिक २ महिनादेखि कामविहीन, ‘एक्जिट भिसा’ लागेकालाई खाना बन्द",https://ekantipur.com/news/2026/04/23/53-nepali-workers-in-saudi-arabia-have-been-unemployed-for-2-months-food-has-been-stopped-for-those-with-exit-permits-12-56.html,2026-04-23T16:24:56+05:45,ekantipur
किस्ताबन्दीमा भाडा तिर्न दिन भृकुटीमण्डपका व्यवसायीको माग,https://ekantipur.com/news/2026/04/23/bhrikutimandap-businessmen-demand-to-pay-rent-in-installments-11-34.html,2026-04-23T16:12:39+05:45,ekantipur
संक्रमणकालीन न्यायलाई टुंगोमा पुर्‍याउन प्रधानमन्त्रीको ध्यानाकर्षण,https://ekantipur.com/news/2026/04/23/armed-conflict-victims-draw-prime-ministers-attention-to-resolving-transitional-issues-48-22.html,2026-04-23T16:05:01+05:45,ekantipur
"२८ सयमुनि झर्‍यो नेप्से, १७ अंकको गिरावट",https://ekantipur.com/business/2026/04/23/nepse-falls-below-2800-down-17-points-58-07.html,2026-04-23T15:58:05+05:45,ekantipur
राइड सेयरिङ चालकलाई प्रहरी भन्यो : ‘यात्रुसँगको कुराकानी भिडियो बनाएर पोस्ट गरे कारबाही’,https://ekantipur.com/news/2026/04/23/police-tell-ride-sharing-driver-action-will-be-taken-if-you-post-a-video-of-your-conversation-with-a-passenger-56-54.html,2026-04-23T15:56:52+05:45,ekantipur
कांग्रेसमा आन्तरिक कलह : बीपी-सुवर्णदेखि देउवा-गगनसम्मको शक्ति संघर्ष,https://ekantipur.com/politics/2026/04/23/internal-strife-in-congress-power-struggle-from-bp-suvarna-to-deuba-gagan-26-33.html,2026-04-23T15:49:17+05:45,ekantipur
नेपालका लागि जापानी राजदूत माएदा तोरु र कानुनमन्त्री गौतमबीच भेट,https://ekantipur.com/news/2026/04/23/meeting-between-japanese-ambassador-to-nepal-maeda-toru-and-law-minister-gautam-30-30.html,2026-04-23T15:30:24+05:45,ekantipur
लुम्बिनी प्रदेश सभाको हिउँदे अधिवेशन आजदेखि अन्त्य,https://ekantipur.com/lumbini-pradesh/2026/04/23/lumbini-provincial-assembly-winter-session-ends-today-17-26.html,2026-04-23T15:17:24+05:45,ekantipur
महाराजगञ्जस्थित प्रहरी प्रतिष्ठान स्थानान्तरण नहुने,https://ekantipur.com/news/2026/04/23/police-academy-in-maharajgunj-will-not-be-relocated-56-39.html,2026-04-23T14:56:33+05:45,ekantipur
माटो मारिरहेको राज्यको नाममा,https://ekantipur.com/opinion/2026/04/23/in-the-name-of-the-state-that-is-killing-the-soil-02-01.html,2026-04-23T14:51:38+05:45,ekantipur
हर्मुज खुलाउन इरानद्वारा अस्वीकार,https://ekantipur.com/world/2026/04/23/iran-refuses-to-open-the-strait-of-hormuz-40-54.html,2026-04-23T14:40:51+05:45,ekantipur
इन्द्रावती तेस्रो जलविद्युत आयोजनाको उत्पादन एक महिनादेखि ठप्प,https://ekantipur.com/business/2026/04/23/production-at-indrawati-iii-hydropower-project-has-been-halted-for-a-month-39-11.html,2026-04-23T14:39:09+05:45,ekantipur
मानव–वन्यजन्तु द्वन्द्व अन्त्य गर्न ‘बाघ मित्र’ अभियान,https://ekantipur.com/news/2026/04/23/tiger-friends-campaign-to-end-human-wildlife-conflict-15-59.html,2026-04-23T14:18:55+05:45,ekantipur
बीऊ आलु उत्पादन बढाउँदै डडेल्धुराका किसान,https://ekantipur.com/sudurpaschim-pradesh/2026/04/23/earning-crores-by-selling-seed-potatoes-52-43.html,2026-04-23T14:16:31+05:45,ekantipur
रारा गोल्डकप फुटबल वैसाख १८ देखि,https://ekantipur.com/sports/2026/04/23/rara-gold-cup-football-from-april-18-45-29.html,2026-04-23T13:24:43+05:45,ekantipur
इटहरी मेयरकप क्रिकेटमा कोशीका १२ टिमले प्रतिष्पर्धा गर्ने,https://ekantipur.com/sports/2026/04/23/twelve-teams-from-koshi-will-compete-in-itahari-mayors-cup-cricket-23-46.html,2026-04-23T13:23:43+05:45,ekantipur
विवादले रोकिएको हेटौंडा–ढल्केबर खण्डमा प्रसारण लाइनको काम सुरु,https://ekantipur.com/bagmati-pradesh/2026/04/23/work-on-transmission-line-begins-on-hetauda-dhalkebar-section-stalled-by-controversy-04-43.html,2026-04-23T13:04:38+05:45,ekantipur
सल्यान अस्पतालमा १० दिनपछि शल्यक्रिया सेवा,https://ekantipur.com/karnali-pradesh/2026/04/23/surgery-service-after-10-days-at-salyan-hospital-56-46.html,2026-04-23T12:56:44+05:45,ekantipur
आरक्ष विस्थापितद्वारा दिनदिनै प्रदर्शन र धर्ना,https://ekantipur.com/sudurpaschim-pradesh/2026/04/23/day-to-day-protests-and-sit-ins-by-displaced-people-from-the-reserve-38-26.html,2026-04-23T12:38:24+05:45,ekantipur
सेवाग्राहीको घरमै राहदानी पुर्‍याउन सुरु,https://ekantipur.com/lumbini-pradesh/2026/04/23/passport-delivery-to-service-recipients-homes-begins-36-25.html,2026-04-23T12:36:23+05:45,ekantipur
अमरगढीको बसपार्क निर्माण रोकियो,https://ekantipur.com/sudurpaschim-pradesh/2026/04/23/amargadhi-bus-park-construction-halted-24-32.html,2026-04-23T12:24:30+05:45,ekantipur
रास्वपा सभापति लामिछानेको मुद्दा फिर्ताविरुद्धको रिट महान्यायाधिवक्ता कार्यालयले गरायो स्थगित,https://ekantipur.com/news/2026/04/23/attorney-generals-office-postpones-writ-petition-against-withdrawal-of-case-against-rsp-president-lamichhane-05-18.html,2026-04-23T12:05:16+05:45,ekantipur
काठमाडौंको वायु ‘धेरै अस्वस्थ’,https://ekantipur.com/news/2026/04/23/kathmandus-air-pollution-very-unhealthy-48-58.html,2026-04-23T11:54:33+05:45,ekantipur
दलित किशोरीलाई एक सातासम्म बन्धक बनाएर जबर्जस्ती करणी गरेको आरोपमा एक जना पक्राउ,https://ekantipur.com/madhesh-pradesh/2026/04/23/man-arrested-for-holding-dalit-teenager-hostage-for-a-week-and-raping-her-40-07.html,2026-04-23T11:40:04+05:45,ekantipur
आज पनि घट्यो सुनचाँदीको मूल्य,https://ekantipur.com/news/2026/04/23/gold-and-silver-prices-fell-today-as-well-08-22.html,2026-04-23T11:08:19+05:45,ekantipur
नेसनल लाइफ र ग्रान्डी हस्पिटलबीच छुट सम्झौता,https://ekantipur.com/market/2026/04/23/discount-agreement-between-national-life-and-grande-hospital-04-24.html,2026-04-23T11:04:22+05:45,ekantipur
एनआईसी एसियाका ग्राहकलाई एभरेस्ट हस्पिटलमा छुट,https://ekantipur.com/market/2026/04/23/discount-at-everest-hospital-for-nic-asia-customers-02-57.html,2026-04-23T11:02:54+05:45,ekantipur
१० अर्ब लगानी गर्ने कार्ल्सबर्गको प्रतिबद्धता,https://ekantipur.com/market/2026/04/23/carlsbergs-commitment-to-invest-10-billion-01-22.html,2026-04-23T11:01:19+05:45,ekantipur
एनसेलको विद्यार्थी लक्षित ‘पहिलो सिम’,https://ekantipur.com/market/2026/04/23/ncells-first-sim-targeted-at-students-00-07.html,2026-04-23T11:00:05+05:45,ekantipur
"सुकीबारे ‘सकारात्मक संकेत’ को दाबी, म्यान्मारमा दबाब बढ्दै",https://ekantipur.com/world/2026/04/23/pressure-mounts-on-myanmar-as-positive-signs-emerge-for-suu-kyi-42-37.html,2026-04-23T10:42:35+05:45,ekantipur
रास्वपा सभापति लामिछानेको अभियोगपत्र संशोधन गर्ने निर्णयविरुद्ध रिटको पेसी पूर्ण इजलासमा,https://ekantipur.com/news/2026/04/23/writ-petition-filed-in-full-bench-against-decision-to-amend-charge-sheet-against-rsp-president-lamichhane-35-52.html,2026-04-23T10:35:50+05:45,ekantipur
सान्यामा छैटौं ‘बिच गेम्स’को उद्‌घाटन,https://ekantipur.com/diaspora/2026/04/23/the-6th-beach-games-opened-in-sanya-26-59.html,2026-04-23T10:26:57+05:45,ekantipur
"पाँचथरमा बर्ड फ्लु सतर्कता : १५ दिनसम्म कुखुरा, चल्ला र मासु ढुवानी निषेध",https://ekantipur.com/koshi-pradesh/2026/04/23/bird-flu-alert-in-panchthar-transport-of-chickens-chicks-and-meat-banned-for-15-days-13-03.html,2026-04-23T10:13:01+05:45,ekantipur
मूल्यांकन प्रणालीको ‘रि–डिजाइन’,https://ekantipur.com/opinion/2026/04/23/re-design-of-the-evaluation-system-47-47.html,2026-04-23T10:01:10+05:45,ekantipur
पश्चिमबंगाल विधानसभा : दार्जिलिङसहित आज १६ जिल्लामा चुनाव हुँदै,https://ekantipur.com/world/2026/04/23/west-bengal-legislative-assembly-elections-to-be-held-in-16-districts-including-darjeeling-today-51-55.html,2026-04-23T09:56:00+05:45,ekantipur
एप्पलमा स्टिभ जब्स र टिम कुकपछि जन टर्नस,https://ekantipur.com/technology/2026/04/23/john-turns-after-steve-jobs-and-tim-cook-at-apple-31-45.html,2026-04-23T09:31:43+05:45,ekantipur
महिला आरक्षण र निर्वाचन क्षेत्र निर्धारण विधेयक असफल हुँदा सत्तारूढ भाजपालाई झट्का,https://ekantipur.com/world/2026/04/23/womens-reservation-and-constituency-delimitation-bill-fails-a-setback-for-ruling-bjp-23-16.html,2026-04-23T09:23:14+05:45,ekantipur
"दोहोरो कर भन्दै टिकटकले तिरेन भ्याट, राजस्वले माग्यो कागजात",https://ekantipur.com/business/2026/04/23/tiktok-did-not-pay-vat-citing-double-taxation-revenue-asks-for-documents-15-50.html,2026-04-23T09:11:09+05:45,ekantipur
कसरी हुनुपर्छ संविधान संशोधन र पुनरावलोकन ?,https://ekantipur.com/opinion/2026/04/23/how-should-the-constitution-be-amended-and-reviewed-06-57.html,2026-04-23T09:07:44+05:45,ekantipur
इन्धन महँगिएपछि चौतर्फी मारमा किसान,https://ekantipur.com/business/2026/04/23/farmers-hit-hard-by-fuel-price-hike-28-39.html,2026-04-23T09:06:03+05:45,ekantipur
डिजिटल हिंसाले बिथोलेको अभिव्यक्ति स्वतन्त्रता,https://ekantipur.com/opinion/2026/04/23/freedom-of-expression-undermined-by-digital-violence-54-06.html,2026-04-23T08:56:14+05:45,ekantipur
‘नेपाल प्रथम : नेपाली प्रथम’ को व्याकरण,https://ekantipur.com/opinion/2026/04/23/grammar-of-nepal-first-nepali-first-34-40.html,2026-04-23T08:38:46+05:45,ekantipur
महिला साफ ‘ड्र’ बाट प्रशिक्षक न्यौपाने उत्साही,https://ekantipur.com/news/2026/04/23/coach-neupane-excited-by-womens-saff-draw-41-35.html,2026-04-23T07:41:33+05:45,ekantipur
संविधान संशोधनको पहललाई निष्कर्षमा पुर्‍याउन सबैको साथ,https://ekantipur.com/opinion/2026/04/23/everyones-support-to-bring-the-initiative-to-a-conclusion-on-constitutional-amendment-27-18.html,2026-04-23T07:37:17+05:45,ekantipur
दुई दशकपछि रक्सौल रेलवे स्टेसनबाट नेपाली आयातकर्तालाई कार्गो ह्यान्डलिङ सेवा,https://ekantipur.com/news/2026/04/23/cargo-handling-services-for-nepali-importers-from-raxaul-railway-station-after-two-decades-34-41.html,2026-04-23T07:34:38+05:45,ekantipur
प्रदेशलाई संघ सरकारबाट अड्चनै अड्चन,https://ekantipur.com/politics/2026/04/23/the-province-faces-obstacles-from-the-federal-government-27-43.html,2026-04-23T07:29:36+05:45,ekantipur
एक्कासि बढेको गर्मीले मधेश–तराईको जनजीवन असहज,https://ekantipur.com/news/2026/04/23/sudden-increase-in-heat-makes-life-uncomfortable-in-madhesh-terai-14-28.html,2026-04-23T07:14:26+05:45,ekantipur
बार्सिलोनाको जितमा यामल घाइते,https://ekantipur.com/sports/2026/04/23/yamal-injured-in-barcelonas-win-03-15.html,2026-04-23T07:03:13+05:45,ekantipur
सिटी शीर्षमा बर्नली रेलिगेसनमा,https://ekantipur.com/sports/2026/04/23/city-top-burnley-relegated-00-58.html,2026-04-23T07:00:55+05:45,ekantipur
भट्ट र अग्रवालको विवादित सेयर कारोबारमा ६ व्यापारीको संलग्नता,https://ekantipur.com/news/2026/04/23/6-businessmen-involved-in-bhatt-and-agarwals-controversial-share-transaction-57-24.html,2026-04-23T06:57:21+05:45,ekantipur
अदालतमा मुद्दा दायर भए पनि सांसद निलम्बन नहुने प्रस्ताव,https://ekantipur.com/politics/2026/04/23/proposal-that-mps-will-not-be-suspended-even-if-a-case-is-filed-in-court-44-11.html,2026-04-23T06:50:46+05:45,ekantipur
"गृहमन्त्रीबाट २७ दिनमै बाहिरिए गुरुङ कसैलाई छाड्दिनँ भन्थे, आफैं छानबिनमा परे",https://ekantipur.com/news/2026/04/23/gurung-who-left-the-post-of-home-minister-within-27-days-used-to-say-he-would-not-spare-anyone-but-he-himself-found-himself-under-investigation-33-44.html,2026-04-23T06:33:41+05:45,ekantipur
"बढ्यो अमेरिकी डलरको मूल्य, यस्तो छ अन्य मुद्राको विनिमयदर",https://ekantipur.com/business/2026/04/23/the-value-of-the-us-dollar-has-increased-this-is-the-exchange-rate-of-other-currencies-22-03.html,2026-04-23T06:22:01+05:45,ekantipur
[अर्काइभ] महाकाली मुद्दाले संसदीय समितिमा प्रवेश पाएपछि...,https://ekantipur.com/Kantipur-Archive/2026/04/22/archive-after-the-mahakali-issue-entered-the-parliamentary-committee-36-54.html,2026-04-22T23:37:20+05:45,ekantipur
बर्दिया निकुञ्जमा लागेको डढेलो अनियन्त्रित,https://ekantipur.com/lumbini-pradesh/2026/04/22/fire-in-bardiya-national-park-is-out-of-control-57-58.html,2026-04-22T22:57:55+05:45,ekantipur
एक्कासि बढेको गर्मीले मधेश–तराईको जनजीवन असहज,https://ekantipur.com/news/2026/04/22/sudden-increase-in-heat-makes-life-uncomfortable-in-madhesh-terai-54-53.html,2026-04-22T22:57:01+05:45,ekantipur
बालेनदेखि बौद्ध भिक्षु फेला पार्दा चकित बने अक्सफोर्ड टोली,https://ekantipur.com/feature/2026/04/22/oxford-team-surprised-to-find-buddhist-monk-from-balen-10-05.html,2026-04-22T22:49:40+05:45,ekantipur
सेवाग्राहीलाई दुःख दिएको आरोपमा रौतहटमा एक जना पक्राउ,https://ekantipur.com/madhesh-pradesh/2026/04/22/one-arrested-in-rautahat-on-charges-of-harassing-service-recipients-44-50.html,2026-04-22T22:44:48+05:45,ekantipur
पाँचथरमा २ जनाको मृत्यु,https://ekantipur.com/koshi-pradesh/2026/04/22/2-people-died-in-panchthar-32-26.html,2026-04-22T22:35:37+05:45,ekantipur
"सुदूरपश्चिममा ७७२० मेगावाट क्षमता, ग्रिडमा १६६ मेगावाट मात्र",https://ekantipur.com/business/2026/04/22/7720-mw-capacity-in-the-far-west-only-166-mw-in-the-grid-56-04.html,2026-04-22T22:32:00+05:45,ekantipur
नयाँ लाइसेन्समा ३९ थरी फिचर,https://ekantipur.com/business/2026/04/22/39-types-of-features-in-the-new-license-19-06.html,2026-04-22T22:25:36+05:45,ekantipur
कसरी हुनुपर्छ संविधान संशोधन र पुनरावलोकन ?,https://ekantipur.com/opinion/2026/04/22/how-should-the-constitution-be-amended-and-reviewed-13-39.html,2026-04-22T22:14:04+05:45,ekantipur
सार्वजनिक नीति तथा प्रत्यायोजित विधायन समितिको नेतृत्व सम्हाल्दै पूजा,https://ekantipur.com/politics/2026/04/22/pooja-takes-over-leadership-of-public-policy-and-delegated-legislation-committee-13-00.html,2026-04-22T22:13:55+05:45,ekantipur
पदकधारी बक्सर चन्द्र सम्मानित,https://ekantipur.com/sports/2026/04/22/medalist-boxer-chandra-honored-31-12.html,2026-04-22T21:31:10+05:45,ekantipur
नागार्जुन र ज्ञानसंस्कार बास्केटबल च्याम्पियन,https://ekantipur.com/sports/2026/04/22/nagarjuna-and-gyansanskaar-basketball-champions-16-58.html,2026-04-22T21:16:56+05:45,ekantipur
सीईसी काठमाडौंलाई गौरीशंकर सुपर लिग,https://ekantipur.com/sports/2026/04/22/cec-kathmandu-to-win-gauri-shankar-super-league-01-25.html,2026-04-22T21:01:22+05:45,ekantipur
नेकपा स्थापनाको ७७ वर्ष : कमजोर बनेपछि वामपन्थी एकताको 'आलाप',https://ekantipur.com/news/2026/04/22/77th-anniversary-of-the-founding-of-the-ncp-talk-of-unity-as-leftist-public-opinion-weakens-30-24.html,2026-04-22T20:51:16+05:45,ekantipur
नयाँ दिल्लीमा नेपाली नाटक ‘देह पर कोठी खसा दिअ’ मञ्चन हुँदै,https://ekantipur.com/entertainment/2026/04/22/nepali-drama-deh-par-kothi-khasa-diya-is-being-staged-in-new-delhi-39-04.html,2026-04-22T20:42:38+05:45,ekantipur
अवैध लागूऔषध चरेससहित तीन दिदीबहिनीसँगै ४ जना पक्राउ,https://ekantipur.com/lumbini-pradesh/2026/04/22/4-people-including-three-sisters-arrested-with-illegal-drugs-hashish-05-30.html,2026-04-22T20:41:36+05:45,ekantipur
स्वास्थ्य चौकीमा ‘इम्प्लान्ट’ राखेर फर्केकी ४० दिनकी सुत्केरीको बाटोमै मृत्यु,https://ekantipur.com/lumbini-pradesh/2026/04/22/a-40-day-old-woman-who-returned-from-a-health-post-with-an-implant-dies-on-the-way-34-48.html,2026-04-22T20:36:39+05:45,ekantipur
जम्मु–कश्मीरमा मारिएका न्यौपानेलाई राहत र क्षतिपूर्ति दिन माग,https://ekantipur.com/lumbini-pradesh/2026/04/22/demand-for-relief-and-compensation-for-neupane-killed-in-jammu-and-kashmir-12-45.html,2026-04-22T20:13:31+05:45,ekantipur
गर्भवती मृत्यु घटना छानबिन गर्न उच्चस्तरीय समिति गठन,https://ekantipur.com/lumbini-pradesh/2026/04/22/high-level-committee-formed-to-investigate-pregnancy-death-incident-05-09.html,2026-04-22T20:05:52+05:45,ekantipur
जातीय विभेद मुद्दामा वडाध्यक्षको कैद सजाय उच्च अदालतद्वारा सदर,https://ekantipur.com/gandaki-pradesh/2026/04/22/high-court-upholds-ward-chairs-prison-sentence-in-caste-discrimination-case-58-48.html,2026-04-22T19:58:46+05:45,ekantipur
युक्रेनसँगको युद्धमा ज्यान गुमाएका श्रीमान्‌को अन्तिम संस्कारका लागि रुस जाँदै सन्तु,https://ekantipur.com/news/2026/04/22/santu-is-going-to-russia-for-the-funeral-of-her-husband-who-lost-his-life-in-the-war-with-ukraine-04-03.html,2026-04-22T19:55:46+05:45,ekantipur
वैशाख १४ मा मनकामनाबाट गोरखा दरबार म्याराथन हुने,https://ekantipur.com/sports/2026/04/22/gorkha-durbar-marathon-to-be-held-from-manakamana-on-april-14-40-22.html,2026-04-22T19:40:16+05:45,ekantipur
सोधपुछका लागि बोलाइएका जयसवाल प्रहरीको नियन्त्रणमा,https://ekantipur.com/madhesh-pradesh/2026/04/22/jaisawal-who-was-summoned-for-questioning-is-under-police-custody-24-25.html,2026-04-22T19:24:23+05:45,ekantipur
स्ववियु खुला भलिबल : कर्णाली माविको विजयी सुरुआत,https://ekantipur.com/sports/2026/04/22/swavi-open-volleyball-karnali-mavi-makes-a-winning-start-15-43.html,2026-04-22T19:15:41+05:45,ekantipur
सहकारी पीडितको बचत फिर्ता गराउन मन्त्रालयको सक्रियता,https://ekantipur.com/news/2026/04/22/ministrys-active-efforts-to-return-savings-of-cooperative-victims-08-10.html,2026-04-22T19:08:07+05:45,ekantipur
इलाम गोल्डकपको फाइनलमा मच्छिन्द्र,https://ekantipur.com/sports/2026/04/22/machhindra-in-the-final-of-ilam-gold-cup-04-16.html,2026-04-22T19:04:14+05:45,ekantipur
गृह मन्त्रालयको जिम्मेवारी प्रधानमन्त्री शाहलाई,https://ekantipur.com/news/2026/04/22/prime-minister-shah-takes-charge-of-the-home-ministry-00-32.html,2026-04-22T19:00:29+05:45,ekantipur
"सम्पत्ति छानबिन आयोगका पदाधिकारीले लिए शपथ, एक वर्ष म्याद",https://ekantipur.com/news/2026/04/22/property-investigation-commission-officials-take-oath-one-year-term-45-31.html,2026-04-22T18:45:29+05:45,ekantipur
ओमानद्वारा नेपाल ‘ए’ पराजित,https://ekantipur.com/sports/2026/04/22/nepal-a-defeated-by-oman-28-27.html,2026-04-22T18:28:25+05:45,ekantipur
राष्ट्रपतिद्वारा संघीय संसद्को दुवै सदनको अधिवेशन आह्वान,https://ekantipur.com/news/2026/04/22/president-summons-session-of-both-houses-of-federal-parliament-26-27.html,2026-04-22T18:26:25+05:45,ekantipur
सेतो धरती : रंगमञ्चमा उतारिएको एउटा गह्रौँ कथा,https://ekantipur.com/entertainment/2026/04/22/white-earth-a-heavy-story-brought-to-the-stage-12-21.html,2026-04-22T18:18:40+05:45,ekantipur
"पालिका घटाउन, वडाको संख्या बढाउन गाउँपालिका महासंघको सुझाव",https://ekantipur.com/news/2026/04/22/rural-municipality-federation-suggests-reducing-the-number-of-villages-and-increasing-the-number-of-wards-13-59.html,2026-04-22T18:15:02+05:45,ekantipur
काठमाडौं उपत्यका मेयर्स फोरमको आग्रह - 'वैशाख १५ गतेदेखि कक्षा सञ्चालन गर्नु',https://ekantipur.com/Education/2026/04/22/kathmandu-valley-mayors-forum-urges-classes-to-be-held-from-april-15-58-23.html,2026-04-22T17:58:21+05:45,ekantipur
महान्यायाधिवक्ता कँडेलविरुद्ध तीन रिट दर्ता,https://ekantipur.com/news/2026/04/22/three-writs-filed-against-attorney-general-kandel-46-36.html,2026-04-22T17:46:33+05:45,ekantipur
जुम्लामा प्रथम स्ववियु खुला भलिबल प्रतियोगिता सुरु,https://ekantipur.com/sports/2026/04/22/first-swu-open-volleyball-tournament-begins-in-jumla-27-21.html,2026-04-22T17:33:29+05:45,ekantipur
गर्मीले पश्चिम नवलपरासीको जनजीवन प्रभावित,https://ekantipur.com/lumbini-pradesh/2026/04/22/heatwave-affects-normal-life-in-west-nawalparasi-30-23.html,2026-04-22T17:30:21+05:45,ekantipur
खोटेहाङ गाउँपालिकाले आइतबार पनि विद्यालय सञ्चालन गर्ने,https://ekantipur.com/koshi-pradesh/2026/04/22/khotehang-rural-municipality-to-operate-schools-on-sundays-as-well-09-38.html,2026-04-22T17:28:42+05:45,ekantipur
सम्पत्ति शुद्वीकरण कसुरमा पक्राउ परेका सुलभ अग्रवालविरुद्ध सात दिन म्याद थप,https://ekantipur.com/news/2026/04/22/sulabh-agarwal-arrested-for-money-laundering-remand-extended-by-seven-days-05-27.html,2026-04-22T17:05:25+05:45,ekantipur
चेपाङ बाहुल्य ६ वडा मिलाएर झोरालाङ गाउँपालिका बनाउन सरकारसँग माग,https://ekantipur.com/bagmati-pradesh/2026/04/22/demand-from-the-government-to-merge-6-wards-with-a-majority-in-chepang-to-form-jhoralang-rural-municipality-59-56.html,2026-04-22T17:00:15+05:45,ekantipur
गर्भावस्थाका एक तिहाइभन्दा बढी महिला हिंसामा :  अध्ययन,https://ekantipur.com/news/2026/04/22/more-than-a-third-of-pregnant-women-experience-violence-study-49-14.html,2026-04-22T16:49:12+05:45,ekantipur
रुवान्डामा नेपालको दोस्रो जित,https://ekantipur.com/sports/2026/04/22/nepals-second-win-in-rwanda-39-39.html,2026-04-22T16:39:36+05:45,ekantipur
नेपाली आयातकर्तालाई पनि कार्गो ह्यान्डलिङ सेवा सुचारु,https://ekantipur.com/business/2026/04/22/cargo-handling-services-resumed-for-nepali-importers-as-well-31-33.html,2026-04-22T16:32:53+05:45,ekantipur
"हामीभित्र फोहोर जम्मा हुँदै थियो, जनताले नुवाइधुवाइ गरेर आऊ भने : दाहाल",https://ekantipur.com/politics/2026/04/22/we-were-accumulating-dirt-the-people-asked-us-to-come-and-wash-it-dahal-25-11.html,2026-04-22T16:25:09+05:45,ekantipur
सरकार प्रतिशोधी र प्रचारमुखी भयो : ज्ञवाली,https://ekantipur.com/lumbini-pradesh/2026/04/22/the-government-has-become-vindictive-and-propaganda-oriented-gyawali-22-00.html,2026-04-22T16:21:58+05:45,ekantipur
सरकारले तोकेको समयअगावै विद्यालय सञ्चालन गर्दै कर्णालीका पाँच स्थानीय तह,https://ekantipur.com/karnali-pradesh/2026/04/22/five-local-levels-in-karnali-are-operating-schools-ahead-of-schedule-set-by-the-government-58-28.html,2026-04-22T16:08:32+05:45,ekantipur
प्रधानमन्त्री हुन नपरेकोमा खुसी छु : दाहाल,https://ekantipur.com/politics/2026/04/22/i-am-happy-not-to-have-to-become-prime-minister-dahal-02-29.html,2026-04-22T16:02:26+05:45,ekantipur
९ बुँदे गोक्यो घोषणापत्र जारी गर्दै जलवायु सम्मेलन सम्पन्न,https://ekantipur.com/koshi-pradesh/2026/04/22/climate-conference-concludes-with-issuance-of-9-point-gokyo-declaration-54-32.html,2026-04-22T15:54:30+05:45,ekantipur
पत्रकार महासंघ सप्तरीमा धर्ना,https://ekantipur.com/madhesh-pradesh/2026/04/22/journalists-federation-holds-sit-in-in-saptari-41-42.html,2026-04-22T15:44:18+05:45,ekantipur
२.९५ अंकले घट्यो नेप्से,https://ekantipur.com/business/2026/04/22/nepse-fell-by-295-points-36-22.html,2026-04-22T15:36:20+05:45,ekantipur
गृह मन्त्रालय केही समय प्रधानमन्त्री शाहले नै राख्ने,https://ekantipur.com/politics/2026/04/22/prime-minister-shah-will-hold-the-home-ministry-for-some-time-33-40.html,2026-04-22T15:33:37+05:45,ekantipur
"धनकुटामा बाह्य विज्ञापनमा कडाइ, बिनाअनुमति राखे १ लाखसम्म जरिवाना",https://ekantipur.com/koshi-pradesh/2026/04/22/stricter-restrictions-on-outdoor-advertising-in-dhankuta-fines-up-to-100000-for-placing-it-without-permission-31-44.html,2026-04-22T15:32:28+05:45,ekantipur
हर्मुजमा बेलायती जहाजमाथि इरानले गर्‍यो आक्रमण,https://ekantipur.com/world/2026/04/22/iran-attacks-british-ship-in-hormuz-30-01.html,2026-04-22T15:29:59+05:45,ekantipur
विपद् प्राधिकरणको बैठक चल्दाचल्दै निस्किएका थिए सुधन गुरुङ,https://ekantipur.com/news/2026/04/22/sudhan-gurung-left-the-meeting-of-the-disaster-management-authority-while-it-was-in-progress-21-32.html,2026-04-22T15:21:30+05:45,ekantipur
राष्ट्रपति ट्रम्प नजिकका व्यक्ति इन्साइडर ट्रेडिङमा संलग्न रहेको आशंका,https://ekantipur.com/technology/2026/04/22/trumps-close-associates-suspected-of-insider-trading-13-51.html,2026-04-22T15:14:02+05:45,ekantipur
गृहमन्त्री सुधन गुरुङले दिए राजीनामा,https://ekantipur.com/politics/2026/04/22/home-minister-sudhan-gurung-resigns-34-04.html,2026-04-22T14:34:02+05:45,ekantipur
"डढेलोसँगै बढ्यो वायु प्रदूषण, आँखाका बिरामी बढ्दै",https://ekantipur.com/karnali-pradesh/2026/04/22/air-pollution-increases-with-fires-eye-diseases-on-the-rise-12-48.html,2026-04-22T14:12:46+05:45,ekantipur
"सोमबारदेखि कक्षा १२ को परीक्षा, ४ लाख १८ हजार परीक्षार्थी",https://ekantipur.com/Education/2026/04/22/grade-12-exams-from-monday-418000-candidates-05-01.html,2026-04-22T14:04:58+05:45,ekantipur
बुटवलमा गर्भवती महिला मृत्यु प्रकरण : मेडिकल काउन्सिलले छानबिन गर्ने,https://ekantipur.com/lumbini-pradesh/2026/04/22/pregnant-woman-dies-in-butwal-medical-council-to-investigate-49-36.html,2026-04-22T13:58:38+05:45,ekantipur
वुमेन्स साफ च्याम्पियनसिप : नेपालको समूहमा श्रीलंका र भुटान,https://ekantipur.com/sports/2026/04/22/womens-saff-championship-sri-lanka-and-bhutan-in-nepals-group-35-03.html,2026-04-22T13:35:01+05:45,ekantipur
चितुवा–बाघलाई बस्तीमा रोक्न ‘केमिकल’ राखेर परीक्षण,https://ekantipur.com/news/2026/04/22/chemicals-tested-in-bardiya-to-prevent-tigers-and-leopards-from-entering-habitat-00-54.html,2026-04-22T13:28:56+05:45,ekantipur
बजारमा पैसा नघटेपछि साढे ५ महिनाका लागि ४० अर्ब झिक्दै राष्ट्र बैंक,https://ekantipur.com/news/2026/04/22/nepal-rastra-bank-withdraws-40-billion-rupees-for-55-months-as-money-does-not-decrease-in-the-market-47-56.html,2026-04-22T12:47:54+05:45,ekantipur
बलात्कार मुद्दाका फरार प्रतिवादी १४ वर्षपछि पक्राउ,https://ekantipur.com/karnali-pradesh/2026/04/22/fugitive-defendant-in-rape-case-arrested-after-14-years-37-59.html,2026-04-22T12:37:56+05:45,ekantipur
संघीय अड्डाको अतिक्रमित जग्गा खाली गराउन स्थानीय सरकारको असहयोग,https://ekantipur.com/madhesh-pradesh/2026/04/22/local-governments-lack-of-cooperation-in-vacating-encroached-land-of-federal-office-33-51.html,2026-04-22T12:33:49+05:45,ekantipur
दशकपछि एसियाली बिच गेम्स चीनबाट पुनः ब्युँतिदै,https://ekantipur.com/sports/2026/04/22/asian-beach-games-revived-in-china-after-a-decade-27-51.html,2026-04-22T12:27:47+05:45,ekantipur
गोरखपुर रेल्वे स्टेसनमा दुई नेपाली बालबालिका अलपत्र,https://ekantipur.com/lumbini-pradesh/2026/04/22/two-nepali-children-stranded-at-gorakhpur-railway-station-46-48.html,2026-04-22T11:49:16+05:45,ekantipur
क्लिनिकको लापर्बाहीले बिरामीको मृत्यु भएपछि कारबाहीको माग,https://ekantipur.com/lumbini-pradesh/2026/04/22/demand-for-action-after-patient-dies-due-to-clinic-negligence-25-33.html,2026-04-22T11:25:31+05:45,ekantipur
सिक्टा सिँचाइ आयोजनाद्वारा २४ हजार हेक्टर जमिनमा  सिँचाइ सुविधा,https://ekantipur.com/news/2026/04/22/a-settlement-facing-a-health-crisis-00-29.html,2026-04-22T10:15:48+05:45,ekantipur
पाल्पाका चुनढुंगा उद्योगमा सञ्चालन हुने टिपरले ‘ओभर लोड’ नबोक्ने,https://ekantipur.com/lumbini-pradesh/2026/04/22/tipper-operating-in-palpas-limestone-industry-will-not-carry-overload-57-47.html,2026-04-22T09:57:43+05:45,ekantipur
लुम्बिनी र सुदूरपश्चिम प्रदेशका तराई क्षेत्रमा तातो लहरको सम्भावना,https://ekantipur.com/news/2026/04/22/heat-wave-likely-in-lumbini-and-terai-regions-of-sudurpaschim-province-48-49.html,2026-04-22T09:48:47+05:45,ekantipur
स्थानीय सरकार : उठ्न नसकेको ‘स्थानीय निकाय’ मानसिकता,https://ekantipur.com/opinion/2026/04/22/local-government-the-local-body-mentality-that-has-failed-to-emerge-30-08.html,2026-04-22T08:58:21+05:45,ekantipur
दलित भूमिहीनता : ऐतिहासिक अन्याय र अपरिहार्य क्षतिपूर्ति,https://ekantipur.com/opinion/2026/04/22/dalit-landlessness-historical-injustice-and-inevitable-compensation-37-49.html,2026-04-22T08:46:56+05:45,ekantipur
सरकार र विद्यार्थी संगठनले गर्नुपर्ने सुधार,https://ekantipur.com/opinion/2026/04/22/reforms-to-be-made-by-the-government-and-student-organizations-26-21.html,2026-04-22T08:43:55+05:45,ekantipur
रियलले शीर्षसँग दूरी घटायो,https://ekantipur.com/sports/2026/04/22/real-closes-gap-to-top-spot-05-18.html,2026-04-22T07:05:15+05:45,ekantipur
चेल्सीको खराब लय कायम,https://ekantipur.com/sports/2026/04/22/chelseas-poor-form-continues-03-39.html,2026-04-22T07:03:37+05:45,ekantipur
ट्रम्पले इरानसँगको युद्धविराम अवधि अनिश्चितकालका लागि लम्ब्याए,https://ekantipur.com/world/2026/04/22/trump-extends-ceasefire-with-iran-indefinitely-58-55.html,2026-04-22T06:58:52+05:45,ekantipur
"गृहमन्त्रीज्यू, के गरिबै भएर मर्नु गल्ती हो ?",https://ekantipur.com/opinion/2026/04/22/home-minister-is-it-a-mistake-to-die-poor-44-17.html,2026-04-22T06:44:15+05:45,ekantipur
कति छ अमेरिकी डलरसहित विदेशी मुद्राको विनिमयदर?,https://ekantipur.com/business/2026/04/22/what-is-the-exchange-rate-of-foreign-currencies-including-the-us-dollar-24-01.html,2026-04-22T06:23:57+05:45,ekantipur
दुई कुशल जम्दा नेपाललाई सफलता,https://ekantipur.com/sports/2026/04/22/two-skilled-workers-bring-success-to-nepal-18-07.html,2026-04-22T06:18:05+05:45,ekantipur
संविधान संशोधन बहसपत्र तयार पार्न दुई दलले बुझाए सुझाव,https://ekantipur.com/news/2026/04/22/two-parties-submit-suggestions-for-preparing-a-debate-paper-on-constitutional-amendment-09-01.html,2026-04-22T06:08:58+05:45,ekantipur
देउवाको राजनीति : सत्ताको केन्द्रदेखि किनारासम्म,https://ekantipur.com/politics/2026/04/21/deubas-politics-from-the-center-to-the-edge-of-power-48-14.html,2026-04-21T23:48:09+05:45,ekantipur
[अर्काइभ] ‘...त्यसो भएको भए देउवाद्वारा सांसदलाई अमेरिका पठाइन्थ्यो’,https://ekantipur.com/Kantipur-Archive/2026/04/21/archive-if-that-had-happened-deuba-would-have-sent-the-mp-to-america-29-44.html,2026-04-21T23:32:47+05:45,ekantipur
इरानमाथि आक्रमण : सभ्यताविरुद्धको लडाइँ,https://ekantipur.com/opinion/2026/04/21/attack-on-iran-a-war-against-civilization-55-50.html,2026-04-21T23:05:14+05:45,ekantipur
वैदेशिक रोजगार विभागबाट तीन बिचौलिया पक्राउ,https://ekantipur.com/national/2026/04/21/three-middlemen-arrested-by-the-department-of-foreign-employment-04-10.html,2026-04-21T23:04:07+05:45,ekantipur
सामाजिक सञ्जालको दुरुपयोगले यौन हिंसा र बलात्कारको सिकार बन्दै बालबालिका,https://ekantipur.com/feature/2026/04/21/children-are-becoming-victims-of-sexual-violence-and-rape-due-to-misuse-of-social-media-55-57.html,2026-04-21T22:56:41+05:45,ekantipur
३ दिनभित्र यात्रुवाहक सवारीसाधन नयाँ बसपार्कबाटै सञ्चालन गर्न महानगरको आग्रह,https://ekantipur.com/national/2026/04/21/metropolitan-municipality-urges-passenger-vehicles-to-operate-from-new-bus-park-within-3-days-58-04.html,2026-04-21T21:58:02+05:45,ekantipur
नागढुंगा सुरुङमार्ग सञ्चालनमा किन भइरहेको छ ढिलाइ ?,https://ekantipur.com/business/2026/04/21/why-is-there-a-delay-in-the-operation-of-the-nagdhunga-tunnel-51-22.html,2026-04-21T21:53:50+05:45,ekantipur
आगलागीपीडित १२ परिवारलाई खाद्यान्न र नगद राहत वितरण,https://ekantipur.com/lumbini-pradesh/2026/04/21/food-and-cash-relief-distributed-to-12-fire-affected-families-36-52.html,2026-04-21T21:36:50+05:45,ekantipur
अर्थमन्त्री वाग्ले र अमेरिकाका सहायक विदेशमन्त्री कपुरबीच भेट,https://ekantipur.com/news/2026/04/21/us-assistant-secretary-of-state-cooper-meets-with-finance-minister-wagle-10-50.html,2026-04-21T21:18:19+05:45,ekantipur
मूल्याकंन प्रणालीको 'रि-डिजाइन'*,https://ekantipur.com/opinion/2026/04/21/exams-will-determine-our-future-01-33.html,2026-04-21T21:17:38+05:45,ekantipur
भट्ट र अग्रवालले गर्थे उधारो सेयर कारोबार : धितोपत्र बोर्ड,https://ekantipur.com/business/2026/04/21/bhatta-and-agarwal-used-to-trade-shares-on-borrowed-money-securities-and-exchange-board-of-nepal-00-56.html,2026-04-21T21:06:26+05:45,ekantipur
दुई पाकिस्तानी नागरिकबाट १७ हजारभन्दा बढी अमेरिकी डलर बरामद,https://ekantipur.com/lumbini-pradesh/2026/04/21/more-than-17000-us-dollars-seized-from-two-pakistani-nationals-54-35.html,2026-04-21T20:54:33+05:45,ekantipur
संविधान संशोधनका लागि कांग्रेसले बनाएको समितिले थाल्यो काम,https://ekantipur.com/politics/2026/04/21/the-committee-formed-by-the-congress-to-amend-the-constitution-has-begun-work-21-47.html,2026-04-21T20:21:44+05:45,ekantipur
बंगलादेशमा इन्धन अभावले पम्पमा घण्टौँ कुर्नुपर्ने बाध्यता,https://ekantipur.com/world/2026/04/21/fuel-shortage-in-bangladesh-forces-people-to-wait-for-hours-at-the-pump-11-45.html,2026-04-21T20:11:43+05:45,ekantipur
भूर्तेलको उत्कृष्ट इनिङ्समा नेपालद्वारा यूएई पराजित,https://ekantipur.com/sports/2026/04/21/nepal-defeats-uae-in-a-blistering-innings-09-10.html,2026-04-21T20:09:08+05:45,ekantipur
विद्युतीय सवारी साधनले यात्रुसँग बढी भाडा असुले कारबाहीमा पर्ने,https://ekantipur.com/business/2026/04/21/electric-vehicles-will-face-action-if-they-overcharge-passengers-59-16.html,2026-04-21T19:59:14+05:45,ekantipur
पेट्रोलियम पदार्थको मूल्यवृद्धिविरुद्ध संयुक्त विद्यार्थी संगठनको प्रदर्शन,https://ekantipur.com/national/2026/04/21/joint-student-organization-protests-against-petroleum-price-hike-58-54.html,2026-04-21T19:58:52+05:45,ekantipur
ललितपुरमा रातो मच्छिन्द्रनाथको रथयात्रा [फोटोफिचर],https://ekantipur.com/photo_feature/2026/04/21/rato-machhindranaths-rath-yatra-in-lalitpur-photo-feature-43-05.html,2026-04-21T19:43:03+05:45,ekantipur
"बगरमा खेती, सडकमा व्यापार",https://ekantipur.com/business/2026/04/21/farming-in-the-fields-trading-on-the-streets-24-31.html,2026-04-21T19:12:37+05:45,ekantipur
रवि लामिछानेको सांसद पद निलम्बनको मागसहितको रिट सर्वोच्चद्वारा दरपीठ,https://ekantipur.com/politics/2026/04/21/supreme-court-dismisses-writ-petition-seeking-suspension-of-ravi-lamichhanes-mp-post-07-33.html,2026-04-21T19:07:28+05:45,ekantipur
"अझै रोकिएन मणिपुरमा हिंसा, तीन साताभित्र ७ को मृत्यु",https://ekantipur.com/world/2026/04/21/violence-continues-in-manipur-7-dead-in-three-weeks-06-08.html,2026-04-21T19:06:02+05:45,ekantipur
यूएईद्वारा नेपाललाई १ सय २९ रनको लक्ष्य,https://ekantipur.com/sports/2026/04/21/uae-sets-nepal-a-target-of-129-runs-48-24.html,2026-04-21T18:50:26+05:45,ekantipur
"मधेसमा तापक्रम ३९ डिग्री सेल्सियस, जनजीवन प्रभावित",https://ekantipur.com/madhesh-pradesh/2026/04/21/temperature-hits-39-degrees-celsius-in-madhesh-normal-life-affected-43-20.html,2026-04-21T18:43:17+05:45,ekantipur
"जापानले हतियार बिक्री खुकुलो बनायो, अब घातक हतियार पनि निर्यात गर्न पाइने",https://ekantipur.com/world/2026/04/21/japan-relaxes-arms-sales-now-even-deadly-weapons-can-be-exported-41-56.html,2026-04-21T18:41:54+05:45,ekantipur
फोहोर जलाउने क्रममा आगो फैलिएर प्रतापपुरमा १२ वटा घर जले,https://ekantipur.com/lumbini-pradesh/2026/04/21/fire-spreads-during-garbage-burning-burning-12-houses-in-pratappur-24-33.html,2026-04-21T18:24:31+05:45,ekantipur
भारतबाट केरा आयात खुलाउन कृत्रिम मूल्यवृद्धि गरियो : किसान,https://ekantipur.com/business/2026/04/21/artificial-price-hike-to-open-banana-imports-from-india-farmers-08-36.html,2026-04-21T18:08:34+05:45,ekantipur
"पाकिस्‍तानका मध्यस्थकर्ता भन्छन्, 'अमेरिका-इरानले वार्तामा बस्ने संकेत गरेका छन्'",https://ekantipur.com/world/2026/04/21/pakistani-mediator-says-us-iran-have-signaled-willingness-to-hold-talks-06-21.html,2026-04-21T18:06:19+05:45,ekantipur
रास्कोटमा इलाका प्रशासन: गाउँमै नागरिकता पाउँदा दंग,https://ekantipur.com/karnali-pradesh/2026/04/21/the-local-administration-in-raskot-has-made-it-easier-for-residents-of-5-municipalities-55-21.html,2026-04-21T18:01:16+05:45,ekantipur
"एम्नेस्टी इन्टरनेशनलको प्रतिवदेन : पुटिन, नेतान्याहु र ट्रम्प 'ठूला पीडक'",https://ekantipur.com/world/2026/04/21/amnesty-international-report-putin-netanyahu-and-trump-are-major-perpetrators-49-15.html,2026-04-21T17:49:07+05:45,ekantipur
तातो हावा चलेपछि जनजीवन प्रभावित,https://ekantipur.com/lumbini-pradesh/2026/04/21/normal-life-affected-by-hot-winds-38-38.html,2026-04-21T17:38:36+05:45,ekantipur
गृहमन्त्री गुरुङसम्बन्धी नयाँ कागजातले उब्जाएका तथ्य र अनुत्तरित प्रश्‍नहरू,https://ekantipur.com/politics/2026/04/21/facts-questions-and-unanswered-details-raised-by-new-documents-related-to-sudhan-gurung-56-19.html,2026-04-21T17:11:31+05:45,ekantipur
प्रतिनिधिसभाको नयाँ नियमावली : ५ महिनाभित्र महाअभियोग टुंग्याउनुपर्ने,https://ekantipur.com/politics/2026/04/21/new-house-of-representatives-rules-impeachment-must-be-concluded-within-5-months-00-39.html,2026-04-21T17:00:37+05:45,ekantipur
मान्छे हो महिला : सडकबाट उठेको आवाज बहसको केन्द्रमा,https://ekantipur.com/entertainment/2026/04/21/song-accused-of-religious-conversion-women-are-people-53-34.html,2026-04-21T17:00:09+05:45,ekantipur
धितोपत्र बोर्डको अध्यक्ष छान्न योजना आयोगका उपाध्यक्ष नेतृत्वमा समिति गठन,https://ekantipur.com/news/2026/04/21/committee-formed-under-the-leadership-of-the-vice-chairman-of-the-planning-commission-to-select-the-chairman-of-the-securities-and-exchange-board-of-nepal-57-55.html,2026-04-21T16:57:52+05:45,ekantipur
दोस्रो ट्वान्टी-२० अन्तर्राष्ट्रियमा यूएईविरुद्ध नेपालले पहिले बलिङ गर्दै,https://ekantipur.com/sports/2026/04/21/nepal-to-bowl-first-in-second-twenty20-international-against-uae-44-32.html,2026-04-21T16:47:02+05:45,ekantipur
"रवि लामिछानेको सांसद पद निलम्बनको मागसहित रिट, अध्ययन गर्दै सर्वोच्च",https://ekantipur.com/news/2026/04/21/supreme-court-studying-writ-petition-demanding-suspension-of-ravi-lamichhanes-mp-post-46-34.html,2026-04-21T16:46:31+05:45,ekantipur
"अझै तीन दिन 'लु’ को जोखिम, पाँच दिनसम्म गर्मी बढ्ने",https://ekantipur.com/news/2026/04/21/risk-of-lo-for-three-more-days-heat-to-increase-for-five-more-days-46-32.html,2026-04-21T16:46:30+05:45,ekantipur
नेपाल र यूएईबीचको दोस्रो ट्वान्टी-२० अन्तर्राष्ट्रिय खेल,https://ekantipur.com/sports/2026/04/21/nepal-bats-first-against-uae-in-second-twenty20-international-44-31.html,2026-04-21T16:44:29+05:45,ekantipur
स्पिन अलराउन्डर सन्तोष यादवको ट्वान्टी–२० अन्तर्राष्ट्रियमा ‘डेब्यु’,https://ekantipur.com/sports/2026/04/21/spin-all-rounder-santosh-yadav-makes-his-twenty20-international-debut-25-11.html,2026-04-21T16:27:24+05:45,ekantipur
लुम्बिनी प्रदेशसभाबाट दलित अधिकार सम्बन्धी विधेयक पारित,https://ekantipur.com/lumbini-pradesh/2026/04/21/lumbini-provincial-assembly-passes-bill-on-dalit-rights-19-53.html,2026-04-21T16:20:13+05:45,ekantipur
९ महिनामा रारा तालमा पुगे झण्डै १४ हजार पर्यटक,https://ekantipur.com/business/2026/04/21/13000-people-reached-rara-lake-in-9-months-11-49.html,2026-04-21T16:11:47+05:45,ekantipur
"प्रतिनिधिसभा बैठकमा मोबाइल चलाउन नपाइने, साइलेन्टमा राख्नुपर्ने",https://ekantipur.com/politics/2026/04/21/mobile-phones-are-not-allowed-to-be-used-during-the-house-of-representatives-meeting-they-must-be-kept-on-silent-03-58.html,2026-04-21T16:03:56+05:45,ekantipur
कस्ता शब्द असंसदीय हुन्छन् ? यस्तो छ प्रतिनिधिसभाको नयाँ नियमावली,https://ekantipur.com/politics/2026/04/21/what-words-are-unparliamentary-these-are-the-new-rules-of-the-house-of-representatives-54-18.html,2026-04-21T15:54:16+05:45,ekantipur
बंगुरका रैथाने जात संरक्षण गर्दै अनुसन्धान कार्यक्रम,https://ekantipur.com/koshi-pradesh/2026/04/21/research-program-to-conserve-indigenous-pig-breeds-49-41.html,2026-04-21T15:49:38+05:45,ekantipur
केराको न्यूनतम समर्थन मूल्य तोक्न केरा उत्पादक महासंघको माग,https://ekantipur.com/business/2026/04/21/banana-producers-federation-demands-minimum-support-price-for-bananas-46-56.html,2026-04-21T15:46:54+05:45,ekantipur
"दोहोरो अंकले घट्यो नेप्से, ५ अर्ब ७७ करोडको कारोबार",https://ekantipur.com/business/2026/04/21/nepse-drops-by-double-digits-turnover-of-rs-577-billion-34-54.html,2026-04-21T15:34:52+05:45,ekantipur
तीन करोड रुपैयाँभन्दा माथिको घरजग्गा कारोबार कम्पनीमार्फत मात्र हुने,https://ekantipur.com/business/2026/04/21/real-estate-transactions-above-rs-30-million-will-only-be-conducted-through-companies-27-04.html,2026-04-21T15:24:49+05:45,ekantipur
लयमा फर्कँदै सुकुटेको पर्यटन,https://ekantipur.com/bagmati-pradesh/2026/04/21/177676432225542565.html,2026-04-21T15:23:37+05:45,ekantipur
अभिव्यक्ति स्वतन्त्रता संकुचित हुँदै गएको एम्नेस्टी इन्टरनेसनलको निष्कर्ष,https://ekantipur.com/news/2026/04/21/amnesty-international-concludes-that-freedom-of-expression-is-shrinking-06-53.html,2026-04-21T15:09:23+05:45,ekantipur
सिरहा कारगारमा पछिल्लो झडपको घटना के हो ? पाँच प्रश्नोत्तरमा बुझ्नुहोस्,https://ekantipur.com/news/2026/04/21/what-is-the-latest-incident-of-the-clash-in-siraha-prison-understand-in-five-questions-and-answers-45-53.html,2026-04-21T14:36:11+05:45,ekantipur
"पूर्वाञ्चल विश्वविद्यालयको १४ औं दीक्षान्त, ६७०६ जना दीक्षित",https://ekantipur.com/koshi-pradesh/2026/04/21/6706-graduates-in-14th-convocation-of-purbanchal-university-34-55.html,2026-04-21T14:34:53+05:45,ekantipur
वुमेन्स साफ च्याम्पियनसिप खेल्ने बाटो खुल्दै,https://ekantipur.com/sports/2026/04/21/the-path-to-playing-in-the-womens-saff-championship-is-opening-up-28-33.html,2026-04-21T14:28:31+05:45,ekantipur
श्री एयरलाइन्सले पायो अन्तर्राष्ट्रिय उडान अनुमति,https://ekantipur.com/business/2026/04/21/shree-airlines-receives-international-flight-permit-27-19.html,2026-04-21T14:27:17+05:45,ekantipur
भूमि संरक्षणमा जोड दिँदै धुलिखेलमा अन्तर्राष्ट्रिय तालिम सुरू,https://ekantipur.com/bagmati-pradesh/2026/04/21/international-training-begins-in-dhulikhel-with-emphasis-on-land-conservation-22-42.html,2026-04-21T14:22:39+05:45,ekantipur
जुम्लामा ‘सोलार ड्रायर’बाट गुन्द्रुक र सुकुटी,https://ekantipur.com/business/2026/04/21/gundruk-and-sukuti-from-solar-dryer-47-36.html,2026-04-21T14:17:53+05:45,ekantipur
ठेक्का रद्दको चेतावनीपछि दुई वर्षदेखि अलपत्र अस्पताल भवन निर्माण थालियो,https://ekantipur.com/karnali-pradesh/2026/04/21/construction-of-district-and-municipal-hospital-buildings-in-salyan-begins-after-two-years-09-40.html,2026-04-21T14:16:26+05:45,ekantipur
२३ लाख बालबालिकालाई खुवाइयो भिटामिन ‘ए’ क्याप्सुल,https://ekantipur.com/news/2026/04/21/vitamin-a-capsules-administered-to-23-million-children-11-12.html,2026-04-21T14:11:10+05:45,ekantipur
७ नेपाली अमेरिकाको ‘अति खराब’ अपराधीको सूचीमा,https://ekantipur.com/diaspora/2026/04/21/7-nepalis-on-americas-worst-criminals-list-58-52.html,2026-04-21T14:09:29+05:45,ekantipur
ग्यास सिलिन्डर लिक भई आगलागीमा परेकी महिलाको मृत्यु,https://ekantipur.com/karnali-pradesh/2026/04/21/woman-dies-in-gas-cylinder-fire-08-05.html,2026-04-21T14:08:03+05:45,ekantipur
कर्णालीका दुई सडकलाई राष्ट्रिय प्राथमिकता प्राप्त आयोजनामा राख्न सिफारिस गर्ने निर्णय,https://ekantipur.com/karnali-pradesh/2026/04/21/karnali-council-of-ministers-meeting-recommendation-to-keep-two-roads-as-national-priorities-42-46.html,2026-04-21T12:44:21+05:45,ekantipur
शर्माको 'पोइटिक डायस्पोरा' कवितासंग्रहमाथि विमर्श,https://ekantipur.com/literature/2026/04/21/discussion-on-sharmas-poetry-collection-poetic-diaspora-40-35.html,2026-04-21T12:40:32+05:45,ekantipur
"सिरहा कारागारमा फेरि विवाद, प्रहरी नियन्त्रणमा २३ जना कैदीबन्दी",https://ekantipur.com/madhesh-pradesh/2026/04/21/another-dispute-in-siraha-prison-23-prisoners-in-police-custody-38-15.html,2026-04-21T12:38:13+05:45,ekantipur
ठेक्का नै नलागेको बागमती नदीमा मनपरी उत्खनन्,https://ekantipur.com/madhesh-pradesh/2026/04/21/unauthorized-excavation-in-bagmati-without-a-contract-regulatory-bodies-silent-27-46.html,2026-04-21T12:29:42+05:45,ekantipur
सर्वोच्चको आदेशपछि सिद्धार्थ नगरको फोहोर उठेन,https://ekantipur.com/lumbini-pradesh/2026/04/21/siddhartha-nagars-garbage-not-collected-after-supreme-court-order-10-46.html,2026-04-21T12:10:44+05:45,ekantipur
कोशीमा आमसञ्चार विधेयक प्रमाणीकरण,https://ekantipur.com/koshi-pradesh/2026/04/21/mass-communications-bill-certified-in-koshi-44-56.html,2026-04-21T11:44:53+05:45,ekantipur
कञ्चनपुरको पुनर्बासमा चक्कु प्रहारबाट एक जनाको हत्या,https://ekantipur.com/sudurpaschim-pradesh/2026/04/21/one-person-killed-in-stabbing-at-kanchanpur-rehabilitation-center-01-30.html,2026-04-21T11:01:27+05:45,ekantipur
‘हेड काउन्ट’ विधिबाट शुक्लाफाँटामा सुरु भयो बाह्रसिंगा गणना,https://ekantipur.com/news/2026/04/21/counting-of-buffaloes-begins-in-shuklaphanta-using-the-head-count-method-47-01.html,2026-04-21T10:46:59+05:45,ekantipur
अमरपुरमा पोल ढलेपछि ताप्लेजुङमा विद्युत् आपूर्ति ठप्प,https://ekantipur.com/koshi-pradesh/2026/04/21/power-supply-disrupted-in-taplejung-after-pole-collapses-in-amarpur-37-43.html,2026-04-21T10:37:41+05:45,ekantipur
"एप्पलको सीईओबाट पछि हटे टिम कुक, को हुन् हुनेवाला नयाँ प्रमुख ?",https://ekantipur.com/technology/2026/04/21/tim-cook-steps-down-as-apple-ceo-who-will-be-the-new-chief-31-13.html,2026-04-21T10:15:35+05:45,ekantipur
हेलम्बुको ‘हाइअल्टिच्युड’मा क्रिकेट मैदान बनाइने,https://ekantipur.com/sports/2026/04/21/a-cricket-field-will-be-built-at-helambus-high-altitude-51-21.html,2026-04-21T10:10:21+05:45,ekantipur
"कर्णाली प्रदेश सरकारले गर्‍यो यातायात नियमावली स्वीकृत, दुई सडक राष्ट्रिय प्राथमिकतामा सिफारिस",https://ekantipur.com/karnali-pradesh/2026/04/21/karnali-provincial-government-approves-transport-regulations-recommends-two-roads-as-national-priorities-50-25.html,2026-04-21T09:50:23+05:45,ekantipur
विवाहमा गएका १८ वर्षीय युवकको धारिलो हतियार प्रहार गरी हत्या,https://ekantipur.com/sudurpaschim-pradesh/2026/04/21/an-18-year-old-man-who-had-gone-to-a-wedding-was-stabbed-to-death-with-a-sharp-weapon-33-41.html,2026-04-21T09:33:39+05:45,ekantipur
सम्पत्ति छानबिनका पूर्वसर्त,https://ekantipur.com/opinion/2026/04/21/prerequisites-for-property-investigation-05-30.html,2026-04-21T09:19:29+05:45,ekantipur
भन्सार महसुल : सर्वसाधारणलाई दुःख नदेऊ,https://ekantipur.com/opinion/2026/04/21/customs-duty-dont-cause-trouble-to-the-common-people-08-53.html,2026-04-21T09:12:00+05:45,ekantipur
संसद्को प्रभावकारिता वृद्धिका सर्त,https://ekantipur.com/opinion/2026/04/21/conditions-for-increasing-the-effectiveness-of-parliament-15-02.html,2026-04-21T09:06:43+05:45,ekantipur
सामाजिक मूल्य र आधुनिकताबीचको विरोधाभास,https://ekantipur.com/opinion/2026/04/21/the-contradiction-between-social-values-and-modernity-21-27.html,2026-04-21T08:57:21+05:45,ekantipur
"पाल्पामा ट्याक्टर दुर्घटना हुँदा एकको मृत्यु, एक घाइते",https://ekantipur.com/lumbini-pradesh/2026/04/21/one-dead-one-injured-in-tractor-accident-in-palpa-49-48.html,2026-04-21T08:49:46+05:45,ekantipur
पर्यटकीय सिजनमा भारतीय र आन्तरिक पर्यटकको भरथेग,https://ekantipur.com/business/2026/04/21/a-flood-of-indian-and-domestic-tourists-during-the-tourist-season-13-11.html,2026-04-21T08:42:26+05:45,ekantipur
"उदयपुरको बेल्टारमा भीषण आगलागी, २ जनाको जलेर मृत्यु",https://ekantipur.com/koshi-pradesh/2026/04/21/massive-fire-breaks-out-in-udayapurs-beltar-2-people-die-in-burns-31-29.html,2026-04-21T07:31:27+05:45,ekantipur
बायर्नको प्रभाव,https://ekantipur.com/sports/2026/04/21/bayerns-influence-47-42.html,2026-04-21T06:47:40+05:45,ekantipur
वर्षाले छोट्याइएको खेलमा नेपालमाथि यूएई हाबी,https://ekantipur.com/sports/2026/04/21/uae-dominates-nepal-in-rain-shortened-match-45-29.html,2026-04-21T06:45:27+05:45,ekantipur
एमएडब्लूको रेटिङ स्तरोन्नति,https://ekantipur.com/market/2026/04/21/maws-rating-upgrade-40-09.html,2026-04-21T06:40:06+05:45,ekantipur
सामसङ नेपालको ‘सपनादेखि सम्भावनासम्म’ अभियान,https://ekantipur.com/market/2026/04/21/samsung-nepals-from-dreams-to-possibilities-campaign-37-50.html,2026-04-21T06:37:48+05:45,ekantipur
दिवस कुमार थप ४ वर्षका लागि फोनपेको सीईओ,https://ekantipur.com/market/2026/04/21/divas-kumar-appointed-ceo-of-phonepe-for-another-4-years-29-39.html,2026-04-21T06:29:37+05:45,ekantipur
९ महिनामा पौने ४२ अर्ब रुपैयाँ लगानी प्रतिबद्धता,https://ekantipur.com/business/2026/04/21/investment-commitment-of-rs-42-billion-in-9-months-22-14.html,2026-04-21T06:22:12+05:45,ekantipur
राजस्वभन्दा डेढ खर्ब बढी अनिवार्य दायित्वले बजेट निर्माण चुनौतीपूर्ण : अर्थमन्त्री,https://ekantipur.com/business/2026/04/21/budget-formulation-challenging-due-to-mandatory-obligations-exceeding-rs-150-million-revenue-finance-minister-15-45.html,2026-04-21T06:15:43+05:45,ekantipur
वेस्ट ह्यामको बराबरीले उल्भ्स रेलिगेसनमा,https://ekantipur.com/sports/2026/04/21/west-ham-draw-sends-wolves-into-relegation-01-00.html,2026-04-21T06:00:57+05:45,ekantipur
छिटो कमाइले मकै खेतीमा आकर्षण,https://ekantipur.com/business/2026/04/21/quick-earnings-attract-people-to-corn-farming-14-59.html,2026-04-21T00:27:55+05:45,ekantipur
सुशासनको जगमा बनेको सरकारका गृहमन्त्रीमाथि सुशासनकै प्रश्न,https://ekantipur.com/news/2026/04/20/questions-of-good-governance-on-the-home-minister-of-a-government-built-on-the-foundation-of-good-governance-09-11.html,2026-04-21T00:09:09+05:45,ekantipur
कक्षा १ मा पढ्न दैनिक चार घण्टा पैदल,https://ekantipur.com/lumbini-pradesh/2026/04/20/walking-four-hours-a-day-to-study-in-grade-1-12-30.html,2026-04-20T23:59:59+05:45,ekantipur
गछिया युवा समाजलाई इटहरी गोल्डकपको उपाधि,https://ekantipur.com/sports/2026/04/20/gachhiya-youth-society-wins-itahari-gold-cup-title-59-25.html,2026-04-20T23:59:38+05:45,ekantipur
बनिनसक्दै ‘जीर्ण’ बने पुल संरचना,https://ekantipur.com/gandaki-pradesh/2026/04/20/bridge-structure-becomes-dilapidated-after-being-completed-04-27.html,2026-04-20T23:47:38+05:45,ekantipur
पेस्तालसहित भारतीय नागरिक पक्राउ,https://ekantipur.com/madhesh-pradesh/2026/04/20/indian-citizen-arrested-with-pestle-44-40.html,2026-04-20T23:46:45+05:45,ekantipur
[अर्काइभ] गृहमन्त्रीले आईजीपीको बिल्ला खोसेको त्यो घटना...,https://ekantipur.com/Kantipur-Archive/2026/04/20/archive-the-incident-where-the-home-minister-took-away-the-igps-badge-31-30.html,2026-04-20T23:31:46+05:45,ekantipur
